k-mer_W	MET_occ	MET_mseq	all_occ	all_mseq
CACGTG	16	14	317	285
CGTGAC	6	6	197	192
ACGTGA	12	11	449	418
TCACGT	10	9	441	421
GGCGTG	4	4	178	176
CTCGCG	3	3	135	134
GCCACA	9	9	409	389
CCACAG	8	6	369	351
TCCCGG	3	3	142	141
CCCGGT	3	3	144	142
GACTCA	7	6	338	327
CGCTCG	3	2	146	143
CTGTCG	5	4	244	237
ACTGTG	9	7	440	416
GCACGT	6	6	294	284
GCGTGT	5	3	247	239
TGCGCG	4	4	202	193
CTCCCG	3	3	152	149
CGTCCC	3	3	153	150
CTCGTC	5	4	255	244
GTGTGG	6	4	311	302
TCGTCG	4	4	214	200
GCTCGC	3	3	161	158
TGTCGT	7	6	381	367
CGGGAC	2	2	109	106
CTCGAC	3	3	166	165
GTCCCG	2	2	113	110
CGTCAG	4	3	228	223
TTAGTC	7	7	401	391
TGTGGG	5	5	292	287
ATGCGC	4	4	236	234
CCCGAC	2	2	118	115
CGGGCA	3	3	177	171
TCGCGA	4	4	237	229
CCCAAT	7	5	417	407
GTCGGG	2	2	121	119
TTCACG	7	6	424	407
GTGTGT	8	2	492	386
GGCGTC	3	3	185	177
GTTAGT	8	6	498	469
ACGTCC	3	3	187	184
CGTCGG	2	2	125	122
GGTCAC	4	4	255	249
CGTGAG	3	3	193	189
ACGGAT	5	5	325	311
TGTGTG	9	4	591	461
CACAGT	7	6	463	434
TAGTCA	8	7	530	507
GAGTCA	5	3	335	320
GGGGAC	2	2	134	130
CGTGCA	4	4	269	262
GTCGCG	2	2	135	131
GTCGTT	6	6	405	391
TGCACG	4	4	270	266
CTCGGA	3	3	203	200
ACTGCG	4	4	271	262
CGGGCC	2	2	136	133
GGGCCG	2	2	136	136
ATGACT	8	7	546	526
GGGACT	3	3	205	203
CGTGTA	5	4	346	331
GCTCTC	5	3	347	339
TACGTC	4	4	280	268
GTGGCT	5	5	351	340
CACACA	10	4	706	525
GTCACG	3	2	212	206
CGAGGT	3	3	217	211
GTGACC	3	3	220	214
GGCCGG	2	2	148	145
TGACTC	5	4	370	342
GGTGAT	6	4	445	419
CCTCGG	2	2	149	146
CCGTCG	2	2	150	147
AGCTCG	3	3	226	219
TGTGGC	5	5	379	360
GCGCCA	4	4	304	291
TCCGTC	3	3	228	221
CACCCA	5	5	382	355
CCGAGT	2	2	153	150
AGTCGC	3	2	230	225
CGATAG	4	4	307	295
ACAGTT	10	8	769	716
CCGACT	2	2	154	153
TGCGTC	3	3	233	230
GACCAC	3	2	234	227
CGCCAC	3	3	236	228
CTGCGG	3	3	236	229
GAGGCT	4	4	315	306
GCCGAG	2	2	158	153
TGGCGT	4	4	316	309
GTCGCA	3	3	238	228
AGTCAA	8	8	636	593
CCCTCG	2	2	159	158
GTCAAG	6	5	477	454
ACGTGC	3	3	239	232
CCTAGT	3	3	239	231
GAGGGC	3	2	239	232
GCGCGG	2	2	160	155
CGTGTG	3	2	241	231
CTTGAG	6	6	483	463
ACGGGC	2	2	161	159
ACTCAG	4	3	322	311
CGGACT	2	2	161	160
TCCCCG	2	2	161	156
AGCGAC	3	2	242	236
TCTCGA	6	5	488	461
ACACAC	7	3	570	434
GCGTCC	2	2	163	160
TGCACT	6	6	489	468
GTGATA	8	8	657	614
ACTAAG	7	7	580	531
GTTTAG	7	7	580	546
CGGCAC	2	2	166	163
CTAGTC	3	3	250	244
GGATGC	3	3	251	243
GAGTCG	2	2	168	166
GGTGCA	4	4	336	325
CGTAAG	4	3	337	328
CCATGC	3	3	253	246
TCCCAA	6	5	506	478
GTACAA	8	6	677	633
GTGATG	6	6	509	472
CTGCGT	3	3	255	248
GTAGCA	6	5	510	487
ATGCCA	6	6	511	481
CAGGGT	3	3	256	248
CGGCGT	2	2	171	171
GACATC	5	5	428	413
AGTACG	4	3	343	328
CCCGGC	2	2	172	163
CCACAC	4	4	346	318
GGACTA	3	3	260	252
GTGCAC	3	3	260	256
GCACAC	4	4	347	332
AGATGC	5	5	435	419
GCGACG	2	2	174	166
AGGGTC	3	3	262	254
CGTCGC	2	2	175	168
GTCCAG	2	2	176	169
CGCTAC	3	3	264	253
GGCACG	2	2	177	175
CAACTC	5	4	443	421
CTGTGA	5	5	443	418
CTGCAC	4	3	355	341
CGACTG	2	2	178	173
TCGCAA	5	5	446	432
GTCTGT	4	3	357	343
TGTGCG	3	2	268	256
CGACGC	2	2	179	172
TGAGTC	3	3	269	264
GACAGA	5	5	449	429
GCGTCT	3	3	270	264
GGGGTG	2	2	180	177
AAGCGG	4	3	361	353
CGAGCA	3	3	272	263
GTCCCT	3	2	272	260
CCATAG	4	4	363	354
TGGCAC	4	3	363	353
GCATCT	6	6	545	523
ATCGGG	2	2	182	175
TGTGAA	8	6	728	679
GGCGCC	2	2	183	176
GTGAGC	3	3	275	265
GCACTT	6	3	551	522
GCTAGC	3	3	276	267
CGTGAT	4	3	369	349
AGTCAT	7	4	646	600
AGGCTC	3	3	277	266
CCGCTA	3	3	277	267
GATGGT	5	5	462	441
TATACG	7	5	647	600
GTCCGT	2	2	185	179
CTACGT	3	3	278	267
CGAGTG	2	2	186	182
AGCGGG	2	2	187	184
GTCGCC	2	2	187	185
GGATGG	3	3	281	269
ACAACC	5	5	469	447
ATGCAC	4	4	376	365
CCGTGC	2	2	188	185
TACAAC	7	7	659	609
AGCCAC	4	4	377	361
GGGCAG	3	3	283	266
GGAGTC	2	2	189	182
TGGTGA	6	4	567	535
GCGATA	4	4	380	366
GCGCCT	2	2	190	186
CCCCAT	3	3	286	273
CGCGCT	2	2	192	187
GAACTT	8	7	768	713
TGAACG	4	3	384	370
TGGGAG	3	2	288	278
TGTCCG	2	2	192	185
GGAACT	5	5	480	452
TCGCTA	4	3	385	372
GGCACC	2	2	193	188
TCGCCC	2	2	193	189
TTGTGG	5	5	484	460
CAGGAG	3	3	291	281
GTCGAT	3	3	291	285
CGCCCT	2	2	194	189
TGTGTT	7	4	682	631
CACGAG	2	2	195	192
ACCCAC	3	3	293	278
CTAAGA	6	5	588	545
GCACGG	2	2	196	190
GCCATG	3	3	294	281
GTCGTG	2	2	196	194
TGATTG	7	6	686	635
GTTTAA	9	7	886	808
CCGGTA	2	2	197	193
TGCGCC	2	2	197	193
AGTCAC	4	3	395	379
CGCGCA	2	2	198	193
TAATGC	6	6	595	561
GCTGAC	3	3	298	286
GTCAGG	2	1	199	193
GGTGTG	3	2	299	289
TTCTCG	6	5	598	561
ACTCGT	3	3	300	286
AGGTCA	4	4	400	385
CGGATA	3	3	300	290
GACTGT	3	3	300	293
AATGCG	4	4	401	388
TACAGG	4	3	401	382
ACAGGG	3	3	301	295
GCGGAG	2	2	201	194
GTCCAA	4	4	402	393
GTGCAA	5	5	504	481
AGTCCA	3	2	303	301
CCTCTA	4	4	404	392
GCGACT	2	1	202	196
TCTACG	3	3	303	297
GTGAAT	6	5	608	565
GCGGGT	2	2	203	199
GGGAGT	2	2	203	196
GTGGGG	2	2	203	195
TCATGA	6	6	609	574
AGCGGA	3	3	305	299
TATATA	47	14	4782	2422
AGTTAG	5	5	509	487
TGTAGC	4	4	408	395
AGCACG	3	3	306	290
CGCGAA	3	3	306	294
CTATCT	6	5	612	565
TATGTG	6	4	613	563
CCGTAG	2	2	206	206
CTGGCG	2	2	206	200
GCACCC	2	2	206	197
GGCTCC	2	2	206	200
ATCTAT	9	7	933	832
TGATGG	5	5	519	481
AGGTAT	6	4	624	580
GCAACT	5	5	522	493
ATATAT	43	12	4504	2258
CGTAGC	2	2	210	202
CTGTGC	3	3	315	300
ACTTCA	8	6	843	771
AGGTGA	5	5	528	508
TGACAG	4	4	423	404
GGACCG	1	1	106	106
GTTTCG	4	4	425	404
TAGTAC	5	3	533	509
ACGTGT	3	3	320	309
GTCTTA	4	3	428	409
GTCATG	3	2	321	306
TGTCGA	3	2	321	316
CAACTG	5	5	536	503
AGGCGC	2	2	215	210
GCTCCC	2	2	215	213
TTGTCG	4	4	430	411
TCGGGT	2	2	216	211
CTCCTG	3	3	325	312
CTACGG	2	2	217	210
ATACGT	6	5	652	591
CGGATG	2	2	218	210
CGTCAA	4	3	436	418
CACACC	3	3	328	313
CAGGTG	3	3	328	317
CATCTA	6	6	656	609
AACCCA	4	3	438	416
CAACCT	4	4	438	414
CTCTGA	4	4	438	419
GATGCA	4	4	439	416
GATAGT	5	4	549	520
AACTGT	7	4	769	715
CGGGTC	1	1	110	109
GGGTCG	1	1	110	108
CCAATG	4	4	441	419
TACATT	11	6	1214	1065
CTCTCT	7	6	775	620
CGTTTC	6	5	665	616
CGTCTG	2	2	222	220
AGTTAC	5	4	555	536
TGTGGT	4	4	445	421
ACATTG	7	5	780	725
CGTCGT	2	2	223	208
GCTGCG	2	2	223	217
GGCCAG	2	1	223	217
TATCTA	8	5	892	806
CTCTAG	3	3	335	325
TAAGTG	5	5	559	532
AAGGGG	4	3	448	423
ACGCCA	3	2	336	324
AGGGGT	2	2	224	218
AGTCTA	3	2	336	323
CCACCC	2	2	224	219
CGCTTA	3	3	336	324
TAGTCT	4	3	448	425
ACCACA	5	3	562	521
TATGCT	5	5	562	531
GTGTTT	7	5	787	728
AAGCCA	6	4	675	637
TTGCCT	6	6	675	611
AGGTTG	4	3	451	432
GCTGTC	3	3	339	322
ACGCTC	2	2	227	224
GGGTAC	2	2	227	220
AGTGAT	6	5	684	637
CATGGG	2	2	228	223
CCGGGC	1	1	114	110
CGTACG	2	2	228	221
GCCGTA	2	2	228	218
ATGCTT	6	5	686	644
TCTATA	9	8	1029	921
CTTATG	4	4	458	435
GGGTCA	2	1	229	227
ACATGC	3	2	345	336
CGGTCC	1	1	115	114
GACCGG	1	1	115	112
GGTCGG	1	1	115	112
GACATT	6	6	691	650
GTTGGC	3	3	346	333
CAGTTC	4	4	462	441
CTCTCA	4	4	463	441
AACTTG	7	6	811	749
CTTGCT	6	5	696	639
GCTAGT	3	3	348	342
GCCCTC	2	2	232	229
CCATCC	3	2	349	333
ATGCTA	5	5	582	538
AGTTTA	9	7	1048	932
AGTACA	6	5	699	650
GTGATC	3	3	350	336
TGCCAC	4	4	467	447
ACTCAA	6	6	701	649
GTACGT	3	3	351	342
GTGCGT	2	1	234	224
AACATG	5	3	586	549
GAACAC	4	4	469	432
AACTAA	10	8	1174	1048
GATTAC	4	4	470	450
TGGGCC	2	2	235	229
TTGACG	4	4	470	450
TGCTAT	6	4	705	658
GGTTTA	5	4	588	561
CACCTC	3	3	353	332
GTGACA	4	4	471	449
CTTACA	5	5	589	554
AGCCGT	2	2	236	231
GCGGTC	1	1	118	115
AGAGTC	3	2	354	340
CTGTGG	3	3	354	339
GGATAG	3	3	354	339
CAATGT	5	5	591	565
CTCGAG	3	2	355	347
CAGAGT	3	3	356	338
CATCAG	4	4	476	450
CATGAA	6	6	714	663
CTAGCT	3	3	357	345
CTCAAT	6	6	715	669
GTTCCG	2	1	239	231
CCCACA	3	2	359	335
GCGTGA	2	2	240	235
GTGACT	3	3	360	339
TAACTC	4	4	481	455
AGCTAG	3	2	361	349
AAGACC	4	4	482	464
GACGAG	2	2	241	230
GAGGTC	2	2	241	232
ACAGTC	3	3	362	353
CGTCCA	2	2	242	238
TACCCC	2	2	242	232
AACAGA	8	7	970	885
TCGTCA	4	3	485	460
GGCAAC	3	3	364	349
GTCGTA	2	2	243	233
GACTTA	3	3	365	355
TCAAGG	5	5	609	575
CGGTCG	1	1	122	115
GTCCTA	2	2	244	235
TCTGAG	3	3	366	352
CTATAC	4	4	489	459
CACATG	3	3	367	353
ACATCA	7	6	857	783
TTCGAG	4	4	491	464
AGATAT	10	8	1229	1090
ATGGGT	3	2	369	355
GAGTGC	2	2	246	241
GTACGC	2	1	246	240
ACCACC	3	3	370	338
GGTACA	3	2	370	359
CCTGTC	2	2	247	239
CGGAAC	2	2	247	240
CTGGAC	2	2	247	239
TGCATC	4	4	494	470
CCTTAC	3	3	371	358
TAGTGG	3	3	371	355
ACATTT	12	7	1485	1287
TGTGAT	5	4	619	566
TGGGTA	3	2	372	351
TCTATC	5	5	621	577
CTACCT	3	3	373	363
TGCCTC	3	3	373	357
ACGGGA	2	2	249	239
AGCAAC	6	5	747	676
GGGTGT	2	1	249	236
CGTGTT	3	3	374	352
GTTCTG	4	4	499	474
AATGCC	4	4	500	484
CGGCCC	1	1	125	121
CGTCCT	2	2	250	243
GGGATG	2	2	250	243
TCGAAC	3	3	375	364
TAAACT	8	6	1002	889
TCGTGT	3	3	376	360
TTGTTC	9	7	1129	1000
CACAAC	4	4	502	469
TAGTTA	6	4	753	702
CCCCGT	1	1	126	125
CGCCCG	1	1	126	120
GCCCGG	1	1	126	120
ACAAGC	5	5	630	584
AAGTAC	6	5	757	701
CACGGA	2	2	253	246
GGACAC	2	2	253	248
TCGTCC	2	2	253	247
TCTCTC	6	5	759	603
TCTGGA	4	4	506	474
CTATAT	9	9	1140	1022
AGTTCT	6	5	761	705
ACAACT	6	3	762	713
CTCAGA	3	2	381	366
GGAGTT	3	3	381	368
GTGCCA	3	3	381	364
AAAAGT	17	12	2163	1743
AGCTCA	4	4	509	486
TTCGCT	4	3	509	492
GTGAAC	3	3	382	364
TGCGTA	3	2	382	371
TGCTAG	3	3	382	367
GCTCGT	2	2	255	247
GTAGCC	2	2	255	250
CATATG	5	5	638	605
AGGAGT	3	3	383	368
GTCAAA	6	5	766	714
GTTAGA	4	3	511	479
CCGGTC	1	1	128	126
GCGGGC	1	1	128	125
GGTATA	5	3	640	602
CCACAT	4	4	513	484
TCTAGA	4	4	513	495
AACGGG	2	2	257	253
CGTCTA	2	2	257	245
GTTGCG	2	2	257	248
CGCTAA	3	3	386	369
GAGGTA	3	2	386	372
CTAGTT	4	4	515	495
AATAGG	5	5	645	600
CGCGGG	1	1	129	124
TTGAGT	5	5	646	616
ACTGAG	3	3	388	365
ACGAGC	2	2	259	249
CCCCAC	2	2	259	243
CTATGC	2	2	259	251
ATAAGC	6	5	778	719
CATTTA	9	8	1168	1021
ATGTCG	2	2	260	253
GGATTG	3	3	390	374
GGTCGC	1	1	130	127
TCGGAT	2	2	260	253
GGGTTC	2	2	261	255
TAGCGG	2	2	261	256
TCCAGG	2	2	261	257
TGTTAG	4	4	522	502
AGCACT	4	3	523	504
TTCCTC	7	6	916	827
ACAGGA	4	4	524	494
ATCAGC	4	4	524	490
CGAGTA	2	2	262	258
GCACAT	4	3	524	498
TTTCTC	13	10	1706	1419
ATCACC	4	4	525	499
AAGGCG	3	2	394	376
CACTGC	3	3	394	371
CCAGAG	2	2	263	258
CATGCA	3	3	395	376
TATCCC	3	3	396	384
TCTTGC	6	5	792	719
CGCGAC	1	1	132	126
GCCGCG	1	1	132	125
GCGTCA	2	2	264	258
GTAGCG	2	2	264	257
TACGAC	2	1	264	255
CAAATG	6	5	793	725
AAGCTC	4	4	529	502
ACAGAG	4	4	529	505
AGCATG	3	3	397	383
GCCTCT	3	3	397	385
TGACTG	3	3	397	384
TCGAGC	2	2	265	261
TCGTTT	7	7	928	833
ATATGC	5	5	663	613
AAAGCG	5	3	664	620
CACGCT	2	2	266	256
TTGTCC	4	4	532	497
TTGGGC	3	3	399	384
ACGTAT	5	5	665	615
AGTTGT	5	4	665	612
GTGGAA	5	5	665	606
GAAGAC	5	5	666	610
ATCCCA	3	3	400	379
TAAGTC	3	3	400	382
AAGCAC	5	5	667	612
GAGATA	5	4	667	631
GCAGTC	2	2	267	258
TCGTGG	2	2	267	258
TCGTTC	4	4	534	504
GTTGTA	5	4	668	622
TCACTG	4	3	535	498
GGGAAG	4	4	536	505
TGAGTA	4	4	536	514
AAGGCC	3	3	402	389
CACACT	3	2	402	389
GCCTTG	3	2	403	382
TCTCCC	3	2	403	376
GCACTC	2	2	269	262
TGCAAA	8	8	1076	977
AGAGGG	3	2	404	382
CAAAGT	6	5	809	745
CCGCGC	1	1	135	133
GGGACA	2	2	270	257
GGTGGC	2	2	270	256
TCTCGT	3	2	406	390
CAGTTG	4	3	542	514
ATGCAT	5	5	678	623
CACAAG	4	3	543	520
TTTAAC	8	7	1086	971
CCGGCC	1	1	136	131
CGCGAG	1	1	136	134
GTATCG	2	1	272	262
TTTGTC	7	7	953	863
ACAGAA	8	6	1090	977
CTTGTC	4	3	545	514
TTAACC	4	4	545	511
GCAAAA	11	9	1499	1283
AAAGTA	12	8	1636	1405
CAAGGC	3	3	409	394
TCGCTC	2	2	273	262
TGTTTG	7	6	956	854
TAACAG	5	4	683	639
CATCTG	4	4	547	516
AACTCA	5	4	685	652
GGTCCG	1	1	137	136
TAGATG	4	4	548	524
TGTTGG	4	3	548	523
AAGTGT	5	4	686	637
AGACCA	3	3	412	402
AATGTA	7	6	963	858
TGTCGC	2	2	276	263
ACCACG	2	2	277	268
CTCCCC	2	2	277	269
GGAAGT	4	4	554	519
TGGTTA	4	4	554	524
GGCCTT	3	2	416	394
TAGCTG	3	3	416	400
ACTTGT	5	5	694	651
AGCTGC	3	3	417	401
CCCATA	3	3	417	395
GACACA	3	3	417	400
AGCGCC	2	2	278	267
GACGCA	2	2	278	269
GGACGG	1	1	139	136
GCACTA	3	3	418	396
GCGGAA	3	3	418	401
AGCCAT	4	4	558	528
TATCGG	2	2	279	272
GGACAT	3	3	419	404
TGGTAC	3	3	419	411
TTCTCT	11	10	1537	1286
ACACCA	4	4	559	525
CTGAGC	2	2	280	275
GACGGG	1	1	140	134
GAGTGA	3	3	420	398
GCCCGA	1	1	140	139
GGGGGG	1	1	140	86
TACCGC	2	2	280	276
TACGTT	4	3	560	530
TCCTAG	2	2	280	268
TTACAT	8	6	1121	1000
TGTACA	5	5	701	658
ACGAGG	2	2	281	273
ACGCAC	2	2	281	274
GTCACA	3	3	422	406
TGAATC	4	2	563	533
TAGTTT	9	7	1268	1115
CCACAA	4	3	564	535
CCCGTT	2	2	282	266
CGCGTG	1	1	141	139
GAACCC	2	2	282	275
CAGATG	3	2	423	397
CTTGCC	3	3	423	394
GACTTT	5	4	706	656
CAATAT	9	6	1271	1113
GATATG	4	4	565	526
AATGTG	5	4	707	662
GATGGG	2	2	283	272
GGTAGC	2	2	283	273
TTCCGC	3	3	425	402
AGTCGA	2	2	284	276
AGTTCC	3	3	426	409
CCTGTG	2	2	284	270
CGGAGA	2	2	284	271
GAGCTC	2	2	284	279
GTCTAT	3	3	426	410
TCTCTT	11	10	1567	1309
CCTCGT	2	2	285	272
GACAGG	2	2	285	272
ACGCTT	3	3	428	413
AAACTA	9	8	1284	1116
ATGTGA	4	4	571	537
GTTTGC	4	3	571	545
CAGTTT	7	7	1000	911
CGAGTC	1	1	143	141
GAGTGG	2	2	286	273
GCGCAT	2	2	286	278
CATAGC	3	3	429	403
GTGGCA	3	3	429	415
CCAATA	5	4	716	672
ACACTG	3	3	430	413
GATATT	9	8	1290	1138
GGTTGT	3	3	430	410
CATGTC	2	2	287	277
TTGGCG	3	2	431	414
ACCGGG	1	1	144	143
CCAGGA	2	2	288	281
TAGCGC	2	2	288	278
TGAGCC	2	2	288	278
TGCGGA	2	2	288	274
AGAGTG	3	3	432	415
CAGTCA	3	3	432	413
ATGGCA	4	3	577	543
TCATCA	8	6	1155	979
GCAGCC	2	2	289	279
AGAGGC	3	3	434	415
TACGTA	5	5	725	667
CACCGT	2	2	290	281
CCCTCC	2	2	290	275
GACTGC	2	2	290	287
GTGAGT	2	2	290	281
TTTAAT	13	12	1887	1541
TTCATG	5	5	726	668
TCATTT	13	9	1888	1547
CCTCAA	4	3	581	543
TAGCCA	3	3	436	415
CGTGGA	2	2	291	280
CTTCGA	4	4	582	563
GTACAT	5	5	728	678
CTGACA	3	3	437	420
CAAAAG	10	8	1457	1274
CGCAGT	2	2	292	286
GGTCCC	1	1	146	143
GTCCGC	1	1	146	142
TCACCG	2	1	292	285
TCTCTG	4	4	584	545
TTCGTG	3	3	439	417
CCATGG	2	2	293	279
TCGAGT	2	2	293	281
AAAGGC	6	6	880	807
GATAGA	5	4	734	674
ATTGTG	5	5	735	685
ACAGGT	3	2	441	427
AGACTC	2	2	294	284
GAGTGT	2	2	294	285
GGCCCG	1	1	147	144
CTAATC	3	3	442	421
AAAGTC	5	5	738	681
ATCGCT	3	3	443	418
CTGTGT	3	3	443	420
TTGTAG	5	5	739	691
AGGCCT	2	2	296	287
GGTGAC	2	2	296	285
TGCGGT	2	2	296	286
TGGTTT	6	6	891	808
CTCATA	4	2	594	564
TCCCCA	2	2	297	286
AGGGCA	3	2	446	418
GTCTCT	3	2	446	428
GAGAAC	4	4	595	548
GCGGAC	1	1	149	148
GGCTCA	2	2	298	292
GTGGTA	3	3	447	422
GTGGTT	3	2	447	425
TCCTCA	4	4	596	558
TCGGGC	1	1	149	146
CTGAAG	4	2	597	560
ATCATT	9	7	1344	1170
CACCAC	3	3	448	411
CAACCA	4	3	598	563
ATATGT	8	5	1198	1068
TAGCAT	5	4	749	704
ACCGCT	2	2	300	293
TATGCG	2	2	300	293
TTGGTT	6	6	900	808
ATATAC	11	8	1652	1416
TTTAGG	4	4	601	561
GTTCAT	5	5	752	694
GTTACG	2	2	301	292
ATTACA	7	7	1055	946
GTGATT	4	3	604	568
AGCTGT	3	3	453	425
GAAGTT	6	6	906	845
TCAGTT	5	5	755	696
TTCTAT	9	9	1360	1189
TGTAAC	4	4	605	570
CTACAG	3	3	454	430
CCCTGT	2	2	303	289
GCACCT	2	2	303	294
GTGCAT	3	3	455	429
TTTCTA	10	8	1517	1314
CAACAT	5	5	759	711
GTAAAG	6	6	911	834
CTTCAT	7	6	1063	951
ACCCCA	2	2	304	292
ACGTCT	2	2	304	296
ACTGCA	4	3	608	563
CGTGCC	1	1	152	150
GAGCAC	2	2	304	298
GCCGGG	1	1	152	152
GGCGCG	1	1	152	148
ATGGTA	4	4	609	569
ACCCTC	2	2	305	292
TGATCG	2	2	305	300
GACTAA	3	3	458	440
AATGGC	4	3	611	568
ATCTGG	3	3	459	433
ACCTCC	2	2	306	294
CGGATT	2	2	306	297
GCTCGG	1	1	153	150
TTGCGG	2	2	306	293
ATAACG	4	4	613	573
TATGAC	3	3	460	438
TCCACA	3	3	460	442
CCAAGA	5	5	767	707
CATAGT	4	3	614	570
CGACTT	2	2	307	296
CGTAAC	2	2	307	298
GGTTAG	2	2	307	287
GTTGTG	3	2	461	440
TTTATC	9	7	1383	1190
GGCGGG	1	1	154	149
AGTTGG	3	3	462	445
TTCCCC	3	3	463	437
CTGCAG	3	1	464	442
TAATTT	13	11	2017	1610
CATTGA	6	6	933	837
TCGTAA	3	3	467	447
ACCGTA	2	2	312	299
ATTTGC	6	4	936	858
GGCTGT	2	2	313	295
GTGTGC	2	2	313	305
TTGCTC	4	3	627	590
AGTTTG	5	5	784	731
GCATAT	6	5	941	857
TTAGTA	6	5	941	863
AGTCCG	1	1	157	156
TCCGAT	2	2	314	306
TTTCAC	8	8	1256	1108
CATCAT	6	5	944	815
TGATAT	8	7	1259	1124
GTATAA	7	4	1102	992
CATGAC	2	2	315	304
TCGACA	2	2	315	303
ATGGCT	3	3	473	454
CATCAC	4	4	631	585
CCCCGC	1	1	158	153
GTCCGA	1	1	158	156
GTCGGA	1	1	158	154
TAACCC	2	2	316	304
TCGGAC	1	1	158	156
TTGGTG	4	4	632	602
ATCGCA	3	3	474	445
CTCGTT	3	2	474	455
ATCGAA	4	4	633	592
TAGGTA	3	2	475	442
ACTACG	2	2	317	304
CACTTC	4	4	634	598
CCAACG	2	2	317	309
GAATCA	4	3	634	594
TGAGAC	2	2	317	311
CGGTTT	3	2	476	452
CTTAGT	3	2	476	459
TTCGTC	3	3	476	451
ATTTAC	7	5	1111	986
TGCTTT	8	8	1270	1129
AACGCC	2	2	318	312
AAGTTC	5	4	795	734
AATTGT	8	7	1272	1114
TCGAGG	2	2	318	309
AACCAG	3	3	478	454
CAATGA	5	4	797	735
ATTCTA	6	6	957	869
TGCCGT	2	2	319	302
TTATGA	5	4	798	734
CATCGC	3	3	479	457
TATTTC	11	9	1760	1477
TCAACT	5	3	800	734
AGGTGG	2	1	320	308
CGAGCG	1	1	160	158
GGGGCC	1	1	160	157
GGTTAA	3	3	480	463
GTCAGA	2	1	320	310
TAGGTG	2	2	320	308
TATGCA	4	4	641	600
ATCGGT	2	2	321	310
CTGGGA	2	2	321	305
TCCGCT	2	2	321	316
TGCCTG	2	2	321	308
AGTGCA	3	3	482	460
TGATAG	4	4	643	604
TGTACT	4	3	643	605
AGGCCG	1	1	161	158
CGACAT	2	2	322	311
CGTGCG	1	1	161	157
GCGAGT	1	1	161	159
GTGCGC	1	1	161	158
TCTATT	8	6	1289	1130
AACTCG	2	2	323	315
ATGCGA	2	2	323	306
TGGATT	4	4	646	611
TTTAGT	7	7	1131	1017
ATGGTG	3	3	485	454
ATCATC	6	5	971	829
CCTATC	2	2	324	314
CTGAGT	2	2	324	314
GTCACC	2	2	324	316
TGGAAC	3	3	486	460
TGGACA	3	3	486	457
GTGGGA	2	2	325	311
GTTAAC	3	3	488	463
TCTAAA	6	5	976	869
TCTAAG	3	2	488	465
AATCCT	4	4	651	605
GAAGCT	4	4	651	603
ACCCAA	3	3	489	457
ACGCAG	2	2	326	315
AGACAT	4	4	652	622
CCAATT	5	4	815	764
CGTTTA	4	4	652	613
GCTTGA	3	3	489	467
GGCAGT	2	2	326	314
TTCATC	7	7	1142	1017
TTGGAA	7	6	1142	1024
GTGTTG	3	3	490	458
CGCACA	2	1	327	319
CGGGAA	2	2	327	313
GGTGGA	2	2	327	312
GTAAGT	3	3	491	466
AAAGTT	10	9	1637	1396
CGACCT	1	1	164	158
TATCAT	8	6	1312	1157
GGAAGC	3	3	492	468
TCGAGA	3	3	492	466
ATGTGT	4	2	657	604
GGTGAA	4	4	657	624
CACTGT	3	3	493	470
CTGATA	4	4	658	621
TCGTAC	2	2	329	313
AGTATG	3	3	494	473
GATGCT	3	3	494	475
CGTTCT	3	3	495	470
GCTGCA	3	3	495	477
TTTAGA	6	6	991	901
CACATT	5	3	826	757
TGTATG	4	4	661	601
CGAACT	2	2	331	318
GTAGTT	4	4	662	628
GTATGC	2	2	331	317
ATAGGT	3	2	497	467
GATGGA	3	3	497	462
TATCGA	3	2	497	470
TGACTA	3	3	497	480
TAAAAG	11	8	1824	1538
AGTACC	2	2	332	324
GCGCGT	1	1	166	162
GTCGAG	1	1	166	165
TGGGGG	1	1	166	162
CAAAAT	10	8	1663	1410
GAAGGG	3	3	499	472
CAATAG	5	4	832	774
TTCTAC	5	4	832	753
ACATAG	4	4	666	618
CCTTAG	2	2	333	321
TACGGA	2	2	333	323
TTACGG	2	2	333	327
ACTCTA	3	3	500	475
AGACCG	1	1	167	162
CAGATA	4	4	668	622
CGGGTG	1	1	167	161
GATCGG	1	1	167	167
GCCCGC	1	1	167	158
GCTGTG	2	2	334	315
GGCCGT	1	1	167	164
GCTTTT	9	8	1504	1299
AAAAGG	12	10	2008	1634
TACCAC	3	3	502	472
TCGAAT	3	3	502	482
ACGTAG	2	2	335	322
GGCAGC	2	2	335	320
AATGAG	4	4	671	627
ACTTTC	6	5	1007	912
TCAAAG	6	6	1007	918
ACACAT	5	4	840	768
AGTCCC	1	1	168	164
ATAGTC	3	3	504	487
ATCTCG	2	2	336	321
ATGATC	3	3	504	476
CACAGG	2	2	336	333
GCCGGT	1	1	168	163
GTGCAG	2	1	336	322
TACGTG	2	2	336	325
TCACCC	2	1	336	320
TCAATA	8	7	1346	1188
TTGTGA	4	3	673	629
CAGCGA	2	2	337	321
CCCATC	2	2	337	324
CGAATG	2	2	337	327
CGTTCC	2	2	337	323
ACTTAT	5	5	843	761
AAGTTA	6	6	1014	929
ACCTTA	3	3	507	477
ATGTAG	3	3	507	482
TAAGAG	4	4	677	630
TTCCAC	4	4	677	631
CTTGTT	7	6	1185	1038
CACAGC	2	2	339	328
CATAGA	4	4	678	634
TTTGCG	3	3	509	488
CTATTG	5	5	849	784
ACTCAT	4	4	680	638
CCACCT	2	2	340	330
GCAATG	3	2	510	482
GGCCGA	1	1	170	166
TGTGCC	2	2	340	331
GACTAC	2	2	341	329
GGACTT	2	2	341	333
TACGGT	2	2	341	333
GTTTGT	5	5	853	761
CTAATG	3	3	512	483
GGTTTC	3	3	512	491
TGAGCA	3	3	512	489
ACAGCT	3	3	513	487
CAGAGG	2	1	342	329
CCCTAG	1	1	171	167
CCGGCA	1	1	171	169
GAGTCC	1	1	171	163
TTAACT	5	4	855	786
AGGCTT	3	3	514	483
ATGATG	5	3	857	736
GAGAGC	2	2	343	333
GCAACC	2	2	343	327
AAAGAC	6	6	1030	927
CCGGAG	1	1	172	168
GCAACA	4	3	688	634
GCCGTG	1	1	172	167
TGGTCG	1	1	172	170
ATTTCA	10	7	1721	1455
ATGAAT	6	5	1034	923
CAATTG	6	6	1034	940
TATGGT	3	3	517	490
AATCAC	4	4	691	652
TTTCGC	4	3	691	642
AGCTGG	2	2	346	333
ATTGAC	4	4	692	632
CCTACG	1	1	173	168
GACCGT	1	1	173	172
GCATGT	2	2	346	334
TCCTCG	2	2	346	333
ATCTTG	5	5	866	797
GATATC	4	4	693	655
GTAAGA	4	3	693	651
TCGATA	3	3	520	489
AAGTCA	4	4	694	648
CTAGAA	4	4	694	654
TTGCTT	7	7	1215	1063
TATATG	7	6	1216	1049
ACTTTG	5	4	869	801
GGCTCT	2	2	348	332
TCCCGA	1	1	174	167
GAATGG	3	2	523	487
AACACG	2	2	349	336
GCTTAT	4	3	698	655
GGCACA	2	2	349	338
TCCCTA	2	2	349	329
CAACAC	3	3	524	496
GCCAAT	3	3	524	499
CATCTT	6	4	1049	952
TTAGTT	6	5	1049	957
CAACTA	4	4	700	638
CAATCG	2	2	350	339
CAGCTC	2	2	350	336
TGTAGG	2	2	350	334
CTTCTA	5	4	876	800
ATACTG	4	3	701	645
AGCTTG	3	2	526	498
CATTCC	3	3	526	501
GCTCTA	2	2	351	331
TGTCAA	4	4	702	659
AGCTCT	3	3	527	501
TTCTAA	6	6	1055	967
AAGTCC	2	2	352	344
ATTCCA	4	4	704	657
CACCCG	1	1	176	171
CTAAGG	2	2	352	344
GCACGC	1	1	176	171
GTCTCG	1	1	176	175
GTTCGA	2	2	352	341
ACGTCA	2	2	353	338
TAGCTC	2	2	353	340
CCATGA	2	2	354	343
CCCACG	1	1	177	171
GTATCC	2	2	354	340
TATACA	8	6	1417	1202
TTTTAG	8	7	1419	1227
ACGGCA	2	2	355	343
GTATGG	2	2	355	339
TGCCTA	2	2	355	341
AATTTG	8	7	1421	1258
AAAAGC	9	7	1601	1373
ACCCCC	1	1	178	168
ACGGAC	1	1	178	174
ATGCAA	4	4	712	659
CGTGGC	1	1	178	173
GCGCAC	1	1	178	176
GATATA	7	6	1247	1088
GCCAGA	2	2	357	341
TCATCG	4	3	714	675
CAGGAA	4	4	715	663
GCGCGC	1	1	179	156
GCTAAT	3	3	537	509
GCTCAA	3	3	537	513
TGACAT	4	4	716	668
GTAACA	4	4	717	664
AGAACC	3	3	538	509
CACATC	3	3	538	509
TTAATG	5	5	897	814
AGTCTC	2	2	359	349
CAGCTG	2	2	359	340
CATCCT	3	3	539	502
GCAGAT	3	2	539	502
TTTGGT	6	6	1078	977
TCATCT	6	5	1079	929
GCCAAC	2	2	360	348
GCTATA	3	3	540	506
TCGACC	1	1	180	175
TGGCTC	2	2	360	346
TACTTC	5	5	901	827
AAGTCG	2	2	361	350
ACTCTG	2	2	361	348
AGTGGC	2	2	361	347
TCCAAG	3	3	542	511
GCATTC	3	3	543	515
AGAACA	7	6	1267	1085
ATCCAC	2	2	362	343
CGACGT	1	1	181	178
CGCCAT	2	2	362	353
GACGTC	1	1	181	178
GCGCGA	1	1	181	177
GCGGGA	1	1	181	175
GGTTAC	2	2	362	348
GTGGAT	2	2	362	347
TGCCCG	1	1	181	178
TGGCAA	4	2	727	669
CCTCCG	1	1	182	178
CGATCC	1	1	182	174
GAACTG	3	3	546	512
GACTCT	2	2	364	351
TCACCT	3	3	546	514
TCTTCG	4	4	728	673
TGTTTA	6	5	1092	966
TTCTTG	9	7	1639	1383
TAAGGG	3	3	547	515
CGCCTT	2	1	365	345
GTGTAC	2	2	365	352
GATGTA	3	3	548	516
ACGGTC	1	1	183	179
CCGCCC	1	1	183	172
GGGCGG	1	1	183	177
GTTACA	3	3	550	517
TATAAG	6	6	1100	993
AGTGTC	2	2	367	357
CTCTTT	9	8	1652	1378
AAGGCT	3	3	551	511
GTCATC	3	3	551	519
ATTGCT	5	5	919	835
AAACGG	3	3	552	515
CCTGAT	2	2	368	355
GGTCGT	1	1	184	178
GAAAAG	12	9	2212	1760
ATTTGG	5	3	922	849
ATTGGA	4	4	738	687
TGACGT	2	2	369	361
CTCTAA	3	3	554	519
GCTCAT	3	3	554	528
AACACT	4	4	739	689
ATACAG	4	4	739	692
ATGAAG	5	4	924	818
CGACTC	1	1	185	181
CTAACA	3	3	555	528
GCCGTC	1	1	185	180
GGGCCC	1	1	185	183
GTCTAA	2	2	370	354
GTATAT	9	6	1668	1402
ATAGAC	3	2	556	528
TTCCAT	6	5	1112	997
AATCGC	2	2	371	356
CTCCAG	2	1	371	359
GAGTAG	2	2	371	358
GGTAGT	2	2	371	358
GTACAC	2	2	371	356
TAGAGC	2	2	371	358
GCAAAT	5	4	928	844
CAGTCG	1	1	186	182
CGCGGA	1	1	186	175
CTTAGC	2	2	372	357
GACGCC	1	1	186	185
GCTAGG	1	1	186	185
CATTAG	3	3	559	529
GATTGT	3	3	559	519
TGAATG	4	4	746	687
GATAAC	3	2	560	519
GTCATA	3	3	560	529
TTTTCC	12	10	2242	1743
CCCGCC	1	1	187	173
GAATCC	2	2	374	363
GATAGC	2	2	375	364
GTCAAC	2	1	375	352
GTAACT	3	3	563	536
TTACAC	3	3	563	537
TTAGAG	3	3	563	545
AGTATA	6	4	1127	1016
CAGTCC	1	1	188	185
CGGTCT	1	1	188	183
GAGCCC	1	1	188	183
GTGGGC	1	1	188	182
CAAGTA	4	2	753	698
GCTTTA	4	3	753	700
GAAGTG	3	3	565	532
CTGGTG	2	2	377	360
GGCTAT	2	2	377	365
CGCAAA	3	3	566	535
CATTAC	4	4	755	693
AATGAT	6	5	1133	1005
ACGCGC	1	1	189	181
AGACTG	2	2	378	371
CTATCC	2	2	378	359
GAAGCG	2	2	378	361
GGATCG	1	1	189	187
GGGTGC	1	1	189	182
TCAGGT	2	2	378	365
AGATGT	3	3	567	538
CCTTGT	3	3	567	539
TTCCGT	3	3	567	525
CAAGCA	4	4	758	697
GTTCGT	2	2	379	366
TGCCAG	2	2	379	361
TAATAA	11	8	2085	1553
CCATCT	3	3	569	535
CCGTTT	3	3	569	529
TCAGAT	3	2	569	538
CCCCCA	1	1	190	183
GGGCTC	1	1	190	186
GGGGGA	1	1	190	183
AAGAGG	5	5	951	844
TTAGTG	3	3	571	538
AAGCGC	2	2	381	371
ATCACG	2	2	381	363
GGCTTG	2	2	381	356
TACCTG	2	2	381	367
TGTTCG	2	2	381	369
GCAGTA	3	3	572	541
GTCAAT	3	3	572	548
ACACTT	4	4	764	711
GTGCCG	1	1	191	181
TGGGGC	1	1	191	187
CTCAAA	5	5	956	860
TCATAA	6	5	1148	1024
TGAAGC	3	3	574	541
TAACAT	5	5	957	872
TAATAG	5	4	957	857
GTGGTG	2	2	384	359
TCGCGC	1	1	192	189
GTTTGG	3	3	577	540
AGACAA	5	5	962	870
GACAAA	5	4	962	883
CGGGTA	2	2	385	370
TGTCTG	2	2	385	365
ACGTTC	2	2	386	377
AGGGGA	2	2	386	367
GCGGCG	1	1	193	187
GTTCTC	3	3	579	547
TAAGGC	2	2	386	374
TATGGC	2	2	386	371
AGTGTG	2	2	387	371
GCGTAA	2	2	387	377
TCTAGC	2	1	387	374
GTTTCT	6	5	1162	1047
TTGCTA	4	4	775	723
TTATTT	17	13	3295	2260
GTTCCT	3	3	582	540
TTACAA	6	5	1164	1014
TTATGC	3	3	582	545
CGAGGC	1	1	194	187
CGGTAA	2	2	388	372
GGGTCC	1	1	194	193
TTTACT	8	6	1554	1320
AACAGG	3	3	583	550
GAATTT	7	6	1361	1186
TGAGTG	2	2	389	373
TAACTG	3	3	584	557
GAAAAA	24	14	4679	2938
CCACGC	1	1	195	194
CCGTGG	1	1	195	190
GTTCAC	2	2	390	372
CATGTA	3	3	586	569
ATGGAG	2	2	391	372
CTGAGA	2	2	391	380
GGAGAT	2	2	391	380
TCCATG	2	2	391	370
GTATGT	3	3	587	533
CCTGCT	2	2	392	376
CTAGCG	1	1	196	194
CTGGAT	2	2	392	376
GTGGCG	1	1	196	189
TACGCT	2	2	392	379
TACGGG	1	1	196	187
TGCGAC	1	1	196	193
TTAGAC	2	2	392	381
TTGACA	4	4	785	733
CTCTAC	2	2	393	373
CGGTAC	1	1	197	189
CGTACA	2	2	394	376
GAACGT	2	2	394	382
GCCCCA	1	1	197	191
GCCTCG	1	1	197	188
GGTACG	1	1	197	194
TAGTGC	2	2	394	380
AGGCCA	2	2	395	378
TATGAT	4	4	790	720
ACATGA	3	2	593	563
GTTCTT	6	3	1186	1049
TACACA	4	3	792	725
TGGTGG	2	2	396	354
ACTATC	3	3	594	558
GTGTAA	3	2	594	551
TTAACA	5	4	991	905
ACAAAT	7	7	1388	1190
TATTTT	19	13	3768	2534
TACACC	2	2	397	386
TTCATT	10	7	1985	1586
GGACTC	1	1	199	197
TGCATA	4	4	796	734
TGGTGC	2	2	398	375
AACTGC	3	3	598	577
TGATAA	6	5	1196	1043
GAAACG	3	3	599	558
AAATGT	6	5	1199	1038
CGAACG	1	1	200	194
CGGGTT	1	1	200	195
TGCGAA	2	2	400	386
TTTCGT	5	5	1001	899
GGAACA	3	3	601	567
CATGCT	2	2	401	385
GAAGCC	2	1	401	379
TGGCTG	2	2	401	384
CCAACA	3	3	602	562
CAATTC	4	3	803	748
ATGTAA	5	5	1004	911
ATGGGA	2	2	402	387
CACTCG	1	1	201	194
CAGGCC	1	1	201	197
CGGTGC	1	1	201	197
TAAGCA	4	3	804	743
TCGGCG	1	1	201	198
TGGCCG	1	1	201	195
CGATAT	3	3	604	575
GGGTAA	3	2	604	565
ATCCCT	2	2	403	392
CCTTGC	2	2	403	390
GGAGAG	2	2	403	388
GTAGAA	4	4	807	743
AGCCGA	1	1	202	197
CAGGTT	2	1	404	389
CGAAGT	2	2	404	383
CTCGTG	1	1	202	199
GGGCAA	2	2	404	393
GGTTCG	1	1	202	199
TGTTCA	4	4	808	748
CACTTT	6	5	1213	1075
TATTCC	4	4	809	748
CACCTT	3	2	607	567
AGAAAA	20	13	4047	2664
CTAAGT	2	2	405	387
CTGTAC	2	2	405	386
ACATAC	4	4	811	718
ACTTAG	2	2	406	391
ACTTCT	5	4	1015	916
ATAGCT	3	3	609	577
GATCTG	2	2	406	389
GCCAGG	1	1	203	194
GGGGTA	1	1	203	197
GGGTCT	1	1	203	199
TCAAAA	10	7	2033	1648
GTTTAT	6	4	1220	1075
TGTAAT	5	5	1017	920
AACGGA	2	2	407	391
ACCTGT	2	2	407	393
TTGCCC	2	2	407	389
CCTCTC	2	2	408	383
CGCACC	1	1	204	199
CGGAGT	1	1	204	198
TGTAGA	3	3	613	584
GATACA	3	2	614	574
TTACTT	7	7	1433	1234
TACAAG	4	3	819	753
ACATTA	5	3	1024	899
TGGAAA	7	7	1434	1235
CCACGG	1	1	205	193
CGAACC	1	1	205	201
GATTGG	2	2	410	391
GCCACG	1	1	205	197
GGTCTG	1	1	205	202
GTACCG	1	1	205	196
TACCAA	4	4	820	753
CAAGGG	2	2	411	394
CCCTTA	2	2	411	390
CCTCCA	2	2	411	392
GTTTTA	6	5	1236	1092
ACTCGC	1	1	206	200
ATGTGG	2	2	412	401
GACCTA	1	1	206	201
GATCGC	1	1	206	204
GCTACA	2	2	412	397
TATAAT	9	7	1857	1497
TTACGT	3	3	619	579
TGAGGT	2	2	413	395
GTTAAA	5	5	1034	930
CAAGAA	9	7	1863	1531
ACTGTT	4	3	828	771
AGAAGC	4	4	828	767
ATAGCC	2	2	414	404
CACGGC	1	1	207	206
CGGACA	1	1	207	203
GCAGGG	1	1	207	201
TACAAA	7	5	1449	1244
TAGGCC	1	1	207	207
TTCAAC	5	5	1036	940
AAGCTG	3	3	622	586
CAGTTA	3	3	622	587
CTTTAA	6	5	1245	1099
AAGGTG	3	3	624	592
CCCGCT	1	1	208	200
CGCCAA	2	2	416	396
GCCATC	2	2	416	397
GCTACG	1	1	208	202
TAGCCC	1	1	208	201
TTTGAC	4	3	832	757
TTAGCT	3	3	625	591
CTTTGT	5	3	1042	941
AAAAAG	19	11	3961	2655
TCTACC	2	2	417	395
TGGAAG	4	4	834	757
TGGCTA	2	2	417	401
AGCCAA	3	3	626	588
AACGTA	3	3	627	587
ATATGG	3	3	627	584
CACGGT	1	1	209	204
GACGCG	1	1	209	192
TGACCA	2	2	418	399
TTTCCA	7	6	1463	1262
AATCCA	3	3	628	583
ATGTAC	3	3	628	586
TGTATC	3	2	628	591
ATATTT	14	10	2931	2178
TCAGCA	3	3	629	583
AGTGAC	2	2	420	404
GCGAAC	1	1	210	202
GGCCCA	1	1	210	204
GGGGAT	1	1	210	201
TCGGGA	1	1	210	204
AAGTAA	7	6	1471	1256
CTGTTA	3	3	631	591
TGCCAT	3	2	631	589
ATAGAT	5	4	1052	925
CTCTCC	2	1	421	395
GGCAAA	4	3	843	779
TTGTCT	4	4	843	770
AGAATT	6	5	1265	1101
CACCCC	1	1	211	198
CAGGGC	1	1	211	203
CTCCGA	1	1	211	205
GAACAG	3	3	633	587
GTGTCG	1	1	211	205
TCGGAA	2	2	422	406
AGGGAT	2	2	423	412
CTCACT	2	2	423	405
TTCAGT	4	4	846	768
TGCTCT	3	2	635	588
ATGTAT	6	5	1271	1093
ATGGTT	3	3	636	592
TGATCA	3	3	636	599
CAGCCG	1	1	212	207
GCTTAC	2	2	424	405
GGGTAG	1	1	212	207
GTGTCA	2	1	424	398
TACCGG	1	1	212	207
TCACGG	1	1	212	208
TCCTGA	2	2	424	405
ATAATA	12	8	2546	1782
TAGCAA	4	4	849	786
ATAGCG	2	2	425	404
GTACCA	2	2	425	412
CTACTA	3	3	638	579
ACCTTT	5	4	1064	951
AAGGTT	4	4	852	778
GCGAAA	3	3	639	596
GCTGGG	1	1	213	208
TACGAA	3	3	639	617
AAGACA	5	4	1065	964
AGAACT	4	4	853	780
ACCAGT	2	2	427	407
CTAGAT	2	2	427	411
GATTGC	2	2	427	404
TCAGGA	2	2	427	408
AAGACT	3	2	641	602
ACCATA	3	3	641	602
ATAGTG	3	3	641	602
CAAAGC	3	3	641	596
TAAGAT	4	4	855	783
CAGCAA	4	3	856	761
GGGATC	1	1	214	212
AACTCC	2	2	429	410
AAGCGT	2	2	429	414
AGGGTT	2	2	429	410
ATTAGT	4	4	859	797
TACTTA	4	4	859	794
AATCTC	3	3	645	604
ATGTGC	2	2	430	413
CGTCTC	1	1	215	209
GCAGCT	2	2	430	415
AAAGGT	5	5	1077	971
GAGAAG	4	2	862	783
AATGAC	3	3	647	609
CGCTTT	3	3	647	597
ACTCCC	1	1	216	210
GGGTGG	1	1	216	204
TTTGCC	4	4	864	794
TTTGTT	10	7	2161	1666
AATATG	5	4	1082	997
AACAGT	4	4	866	801
AAGTTG	4	4	866	786
TGGTAG	2	2	433	410
GGATAA	3	3	650	606
AATAGC	4	4	867	798
CACTAA	3	3	651	614
CCATAA	3	3	651	607
CGAGAC	1	1	217	211
CGCTAG	1	1	217	209
GCCCTG	1	1	217	210
GTCTGG	1	1	217	214
CATTTT	11	8	2390	1874
GAGCAA	3	3	652	603
GAAGAG	5	5	1087	952
CCAATC	2	2	435	416
GGCTTC	2	2	435	415
TTCTAG	3	3	653	614
CAGTAC	2	2	436	417
GCAAGC	2	2	436	410
TAGAAC	3	3	655	624
TGCGAT	2	2	437	413
AAAGCC	3	3	656	610
AGTAAG	3	2	656	612
GTGGCC	1	1	219	213
TGGGCG	1	1	219	213
CAACTT	4	4	877	815
ACCTTG	2	2	439	421
GTACTG	2	2	439	419
TACAAT	5	4	1099	992
TAGGTC	1	1	220	207
CTATTT	7	6	1541	1323
TAAAGA	7	6	1541	1312
ACACAA	4	3	881	807
ATCCTT	4	4	881	800
TTTTTC	22	15	4849	2938
ACAAAA	11	7	2426	1851
GTATAC	3	3	662	617
ATCTAG	2	2	442	422
CCGCAG	1	1	221	214
CGCTGG	1	1	221	215
CTACGC	1	1	221	215
TACAGT	3	3	663	614
TAGAGG	2	2	442	428
TTGATT	6	6	1328	1146
CATTCA	4	4	886	801
GATTTA	4	3	886	796
GCTATT	4	3	886	802
TAGCAC	2	2	443	424
TTAAGT	4	3	886	818
AATAAC	6	6	1332	1164
AGTTTT	8	8	1776	1515
CACATA	4	3	888	800
CCGGTT	1	1	222	215
GCGTAC	1	1	222	215
GGGCCT	1	1	222	218
GTGCGA	1	1	222	216
TCAACC	2	2	444	424
TATGTT	4	4	889	802
CTCTAT	3	3	667	626
ATTGGG	2	2	445	428
TATTGC	4	4	890	810
TGCAGC	2	2	445	423
TAAGAA	7	7	1559	1342
AGTAAA	7	6	1560	1342
ACCAGA	2	2	446	422
CCCATG	1	1	223	214
GAGACC	1	1	223	217
GGTGGG	1	1	223	212
TGCCCC	1	1	223	216
ATTATG	4	3	893	798
GATAAG	3	3	670	601
TGTGGA	2	2	447	425
AACTCT	3	3	671	630
CACTCA	2	2	448	426
CGGAAA	3	3	672	620
CTCATT	4	4	896	811
CTTGAC	2	2	448	427
GGTCTC	1	1	224	218
TACGCC	1	1	224	221
TTACTC	3	2	672	628
TTTACA	6	6	1344	1165
AAGAGA	7	6	1569	1333
ATTTTT	21	13	4708	2941
CATACT	3	3	673	623
GATTGA	3	3	673	628
AAATGC	4	4	898	810
AAATGG	4	3	898	829
CAGACA	2	2	449	433
CCTCCT	2	2	449	406
TGACTT	3	3	674	639
AAGGGA	4	3	900	807
AGTGGT	2	2	450	427
TAATCC	2	2	450	427
TAGGAT	2	2	450	427
TGTTAA	4	4	901	822
CTGTTT	5	3	1127	993
ATAATT	8	7	1804	1463
CCACTA	2	1	451	427
GTAATA	5	4	1128	1003
TTGACT	3	2	677	624
TCCTTC	4	3	903	814
AAGTAT	5	3	1130	1012
AGTTAA	4	4	905	817
TTGGCA	3	3	679	642
AAGGTC	2	2	453	429
TACATA	7	7	1586	1290
TTTCCT	8	7	1813	1487
AAACAG	5	5	1134	1016
ATGAGC	2	1	454	433
CCATAC	2	2	454	428
CCCACC	1	1	227	216
CGCCAG	1	1	227	220
CTGCAA	3	3	681	633
GCCTAC	1	1	227	220
TCATTC	4	4	909	805
TTTACG	3	3	682	618
TGGATG	2	2	455	433
TTGAAC	4	4	910	825
ACTGTA	3	3	683	642
CTTATT	6	5	1366	1209
TGGCTT	3	2	683	636
ACATAT	7	7	1594	1366
ATTGAT	5	4	1139	1004
TATATT	11	9	2507	1948
ACCTCA	2	2	456	438
CGCCTC	1	1	228	221
GGGCCA	1	1	228	220
TCTATG	2	2	456	436
TTACAG	3	2	684	639
AAGAAA	19	14	4338	2719
GCCATA	2	2	457	437
TCCGTT	2	2	457	429
CCAGTC	1	1	229	220
CGTTCA	2	2	458	428
TTAGGT	2	2	458	433
ATCGTT	3	3	688	639
CCACCA	2	2	459	420
GACAAC	2	2	459	439
CATAAT	5	3	1148	1007
TGAATT	5	4	1149	1039
AAAATG	8	8	1839	1509
ACCCGG	1	1	230	220
ACCTAG	1	1	230	228
GAAATG	4	4	920	826
ATAAGT	4	4	921	842
AGCAAA	6	4	1382	1197
ACCGTG	1	1	231	226
TCCGCC	1	1	231	223
TGGGTC	1	1	231	229
AGTAGT	3	2	694	625
ACCCAT	2	2	463	439
GGTAAA	4	4	927	842
GGATAT	3	3	696	637
TTTAAG	5	5	1160	1027
ATCCTA	2	2	464	443
CTTGTG	2	2	464	446
GTACGG	1	1	232	225
GTGGAC	1	1	232	225
TCCGTG	1	1	232	223
ATTTAG	4	4	929	867
AATGCT	3	3	697	643
TCGTTG	2	2	465	444
CTTTCA	5	5	1163	1041
TTGGAT	3	3	698	653
CACGTC	1	1	233	223
TAGAAG	4	3	932	855
TGTGCA	2	2	466	440
CGTATA	3	3	700	654
TTGTAC	3	1	700	648
TCCAGT	2	2	467	443
ATAAAG	7	7	1637	1415
ACACCG	1	1	234	228
CGCAGC	1	1	234	228
CTAAAT	4	4	936	852
CTGACG	1	1	234	229
GTCGTC	1	1	234	216
TCGTGC	1	1	234	228
ATTGTC	3	3	703	654
TCCTCC	2	2	469	433
TTTCAA	10	8	2347	1896
CGCGAT	1	1	235	223
GAGACA	2	2	470	443
TCTTAT	5	4	1176	1041
TCTTGT	5	4	1176	1043
AAGTGA	4	4	941	851
CATTTG	4	3	941	872
TAGAAT	4	3	941	854
AATTTC	7	6	1647	1413
AATGGG	2	2	471	454
ACCTAT	2	2	471	444
CTTATA	4	4	943	860
ATAAAC	6	4	1415	1219
AACTTC	4	4	944	847
CAAACA	5	5	1180	1014
CAGTAG	2	2	472	451
CCAGAC	1	1	236	227
GAGTTA	2	2	472	451
GGCTAG	1	1	236	229
GTTTCC	3	3	708	663
TGGTAT	3	3	709	657
GTTGGT	2	2	473	451
AACCCT	2	2	474	450
CTAATT	4	4	948	864
CTAGGT	1	1	237	231
TTAAGG	3	3	711	645
AATTTT	14	9	3322	2378
ATCCAT	3	3	712	642
AACCTC	2	2	475	457
ATACAA	6	5	1425	1245
AAATCC	3	3	713	662
AATAAA	14	11	3330	2319
CTTTCT	7	7	1665	1373
ACCAAT	3	3	714	665
CCAGTA	2	2	476	452
GCGACA	1	1	238	234
TAGTCG	1	1	238	235
TTATCT	5	3	1192	1038
CTCCTC	2	2	477	437
AAAAAA	50	13	11929	2989
GAATGA	3	3	716	668
GAGTTT	3	3	716	676
CTCGCA	1	1	239	232
GGAGTG	1	1	239	233
TGGACG	1	1	239	233
AAGAAC	6	5	1437	1233
AGTGGA	2	2	479	455
ATATAA	12	10	2874	2166
GTATGA	2	2	479	456
AGACCC	1	1	240	229
GCGCTG	1	1	240	231
AGAAGG	4	4	962	857
CCAACT	2	2	481	447
GAGCAT	2	2	481	465
TAGAAA	7	6	1685	1414
AAAATA	15	12	3612	2505
AAATTT	13	9	3132	2312
CTAGCC	1	1	241	231
CTGCCG	1	1	241	234
GACCTC	1	1	241	238
GCCTGC	1	1	241	236
TCGCAC	1	1	241	239
AACTAT	4	4	965	879
AGGCAA	3	3	724	666
ACGCGA	1	1	242	226
CGGTGG	1	1	242	230
CTCAGG	1	1	242	235
GACTAG	1	1	242	232
GCTCAG	1	1	242	234
GGCCAC	1	1	242	234
GTCCTG	1	1	242	237
CAACAG	3	3	726	657
ACTAAT	4	4	969	885
CTATTA	4	4	969	870
AGAGCT	2	2	485	462
AGATGG	2	2	485	456
ACTACA	3	3	728	664
ACCGGA	1	1	243	236
TAGACC	1	1	243	238
AAAACT	7	6	1702	1444
ACCTCT	2	2	487	472
TTACGA	2	2	487	455
CTGTAT	3	2	731	676
TCTGTA	3	2	731	681
TTTGCT	5	4	1219	1081
CAGTGA	2	2	488	465
GACGGA	1	1	244	235
TGCGGC	1	1	244	237
CTTTTA	7	5	1709	1413
TAAAGG	4	3	977	892
TACCTT	3	3	733	675
TACAGC	2	2	489	472
TCTAAC	2	2	489	470
TAGAGT	2	2	490	463
TCAATG	3	3	735	680
TCCCGT	1	1	245	236
AAAGAA	16	11	3933	2588
CTTTGC	3	2	738	686
ACACGC	1	1	246	240
CAAGGT	2	2	492	470
CGCACT	1	1	246	241
CATATC	3	3	739	692
TAGCTT	3	2	739	699
TGGAAT	3	3	740	686
ACCCAG	1	1	247	240
CTCAAC	2	2	494	473
GACCAG	1	1	247	242
GTTGGA	2	2	494	468
TTTTGT	9	6	2223	1748
ATTTTA	9	8	2227	1731
ACAAGT	3	2	743	689
AGGATA	3	3	743	693
TACTAC	3	2	743	656
CTTTAT	6	6	1487	1287
ACACAG	2	2	496	465
ATTCAA	6	6	1491	1276
TTTCCC	4	4	995	898
ATATCT	5	5	1244	1108
ACGTGG	1	1	249	242
AGACAG	2	2	498	475
ATACCA	3	3	747	683
ATCCTC	2	2	498	465
CAAGCT	2	2	498	472
CATGCC	1	1	249	245
CGTGGT	1	1	249	238
CTACCC	1	1	249	243
TTCAAA	8	7	1993	1640
TCATTA	5	4	1247	1106
AACACC	2	2	499	468
TCTGGT	2	2	499	471
AGGTAA	3	2	749	692
TCACAA	3	3	749	688
ATGGGG	1	1	250	241
TAGGAC	1	1	250	244
TGGCGC	1	1	250	243
TGTCCT	2	2	500	480
TCTGTC	2	2	501	477
GCTTTC	3	3	752	698
GGAAAT	4	4	1003	883
TAGATA	4	3	1003	889
CACCGC	1	1	251	246
CGGTAG	1	1	251	247
GTCGCT	1	1	251	247
TCGCTT	2	2	502	470
GATGAA	4	4	1006	879
ATTTAA	7	5	1762	1459
TATGAA	4	3	1007	909
AGGACC	1	1	252	251
GACTGG	1	1	252	247
GCCAGC	1	1	252	243
GTAGGC	1	1	252	247
TCCAAT	3	2	756	696
TGAGCT	2	2	504	486
TGCGTG	1	1	252	243
TGTTCT	4	3	1008	890
TCAACA	4	4	1010	909
AGAGAG	3	3	758	641
TTTTAC	7	7	1769	1460
TCTTTA	6	4	1517	1294
CCTACC	1	1	253	243
CCTCCC	1	1	253	242
TAGTCC	1	1	253	245
ACATGT	2	2	507	486
CTTAAG	2	2	507	484
AAGGCA	3	3	761	708
CTACAA	3	3	761	689
AACCTA	2	2	508	477
GCTGGC	1	1	254	248
TACGGC	1	1	254	248
ATATGA	4	4	1018	908
TGCACA	2	2	509	483
GCTTCT	3	3	764	709
AGAGAA	6	4	1529	1286
AGTTGC	2	1	510	484
CAGACG	1	1	255	248
GATGCG	1	1	255	246
GCGCTA	1	1	255	246
AAGTTT	6	6	1530	1319
GGAGAA	3	3	766	702
GTACTT	3	2	766	704
ACAAGA	5	4	1278	1102
CACCAT	2	2	512	485
TGACGG	1	1	256	247
AGAAAT	7	5	1794	1492
ATACAC	3	2	769	704
CCTTGA	2	2	513	480
GTTTTG	4	2	1026	918
ATTTTG	7	7	1796	1514
AACTGA	3	3	770	727
GCGGTG	1	1	257	243
TGCAAT	3	3	772	717
AAATAA	13	9	3347	2343
CGTTTG	2	2	515	480
ACGATT	2	2	516	484
CCGATG	1	1	258	248
CCGCTG	1	1	258	244
GTCTGC	1	1	258	254
TCTAGG	1	1	258	255
TTTCAT	8	7	2066	1686
AATATA	10	7	2583	1959
GCAAAG	3	3	776	722
CCGGGT	1	1	259	257
TACTCG	1	1	259	253
TTGAGG	2	2	518	493
ACGTTT	3	3	778	719
ATAGAG	3	3	779	728
GTTTGA	3	3	779	720
TTGATA	5	5	1299	1143
AGCGTC	1	1	260	256
CGGTTA	1	1	260	258
AACCTT	3	3	781	718
GGAATA	3	3	781	719
TCTGAA	3	2	781	724
ATTTTC	9	8	2343	1880
ACTAAC	2	2	521	492
TCCTCT	3	3	782	715
ATTTCT	7	5	1826	1529
AACCAC	2	1	522	492
AATCGT	2	2	522	492
AGGGTG	1	1	261	254
CGTATG	1	1	261	252
GTGGGT	1	1	261	250
GTTAAT	3	3	783	714
AAAAGA	14	9	3665	2523
ACGCCT	1	1	262	254
CCAGGT	1	1	262	261
CGTCTT	2	2	524	495
GTCTCC	1	1	262	255
ATTTGT	5	4	1311	1164
ATATTG	5	5	1314	1160
AGACTT	2	2	526	494
ATAGTT	4	3	1052	939
CAGGAC	1	1	263	252
CCCCAA	1	1	263	252
CCGTAC	1	1	263	255
CCGTCT	1	1	263	254
GAGCGA	1	1	263	255
GCTCAC	1	1	263	256
TTGTGT	3	3	791	714
ACTGGG	1	1	264	255
AGCGAG	1	1	264	253
ATGAGT	2	1	528	500
CGACAG	1	1	264	255
CTGCGA	1	1	264	252
GTCTAC	1	1	264	252
CAAATA	6	4	1585	1340
TACTGT	3	1	793	725
CCTTTT	8	5	2115	1691
GCTTGT	2	2	529	496
GTACTA	2	2	529	503
TAACCT	2	2	529	507
ACTTGA	3	3	794	742
TCAAGT	3	3	794	728
CCACGA	1	1	265	254
GGTGTC	1	1	265	255
TGGAGC	1	1	265	247
TGGGGT	1	1	265	257
CAAGAG	3	3	797	725
ATAGAA	6	5	1595	1377
CCGTCA	1	1	266	260
GAGCTT	2	2	532	510
GGTTCT	2	2	532	500
TCCAAC	2	2	532	504
AGAAGA	7	4	1867	1430
AGCAAG	3	3	801	728
CGAATC	1	1	267	256
CTTCGT	2	2	534	510
TAGCCG	1	1	267	259
TAGGGT	1	1	267	251
TTAATC	3	3	801	743
GAATTG	3	3	802	737
TGACAA	3	3	803	747
TTTATT	12	9	3212	2193
AGAGGT	2	2	536	505
AGGCGT	1	1	268	255
CTAGGA	1	1	268	262
GAGTAT	2	2	536	505
TGCTCA	2	2	536	510
ATTTAT	8	7	2146	1643
AGTAGC	2	2	537	514
GAACCA	2	2	537	512
TTTGGC	3	3	806	733
CGAAAA	5	5	1345	1179
TTGTTA	5	4	1346	1177
TGGAGA	2	2	539	504
AATTTA	6	6	1617	1369
ATTGTT	6	5	1618	1368
AAGTCT	2	2	540	515
ATCATA	4	4	1080	966
AAAGCT	4	4	1083	977
AACCAT	3	3	813	752
GAAATC	3	3	813	753
CCTATG	1	1	271	264
CTAAAA	5	5	1355	1177
CTGCTG	2	2	542	491
GCATGG	1	1	271	263
GTTCTA	2	2	542	517
TCTCGC	1	1	271	266
TGAAGA	5	4	1355	1142
TATACT	4	4	1086	1000
TTTTGG	5	4	1358	1187
ATCTAA	3	3	815	753
AGCGCT	1	1	272	267
ATTTCC	4	4	1088	970
CAAGTT	3	3	816	759
CAGAAC	2	2	544	516
CTCGCT	1	1	272	264
CTGGGT	1	1	272	265
GCTCGA	1	1	272	270
TCTTGA	4	3	1088	979
TGTTTC	4	4	1088	974
TTGTCA	3	3	817	761
ACCAAC	2	2	545	499
CGATAC	1	1	273	256
GCCAAG	2	2	546	514
CCTGAA	2	2	547	525
GGAAAA	8	7	2190	1722
AGCGTG	1	1	274	268
CACTTA	2	2	548	516
CAGAAA	5	4	1370	1196
CTCTCG	1	1	274	265
GACCCT	1	1	274	269
GGAGCT	1	1	274	267
CCTCAC	1	1	275	262
GTTGGG	1	1	275	265
TAACAA	5	2	1376	1203
ACTTAC	2	2	551	519
GACATA	2	2	551	524
AATAGA	5	4	1379	1206
CCTAGA	1	1	276	268
GATCAT	2	2	552	520
GGCAAT	2	1	552	528
GGTGCC	1	1	276	267
TGCTTG	2	2	552	521
ATACGA	2	2	553	523
CTTCAC	2	2	553	525
AATTGG	3	3	830	772
TCAAAC	3	3	830	762
TTGTTT	8	8	2215	1669
AGAGAT	3	3	831	773
TGCAGT	2	1	554	515
TTGGGG	1	1	277	264
TAAAGC	3	3	832	761
CTTGGA	2	2	555	529
AAATAT	10	7	2777	2150
ACGACG	1	1	278	253
CAACCC	1	1	278	268
CCGATA	1	1	278	272
CCGCCA	1	1	278	270
CATTTC	4	4	1114	997
TAGATT	3	3	836	761
CGCTGA	1	1	279	272
GGCTGC	1	1	279	273
TAAAGT	4	4	1116	992
TAAGGT	2	2	558	531
TAGACA	2	2	558	516
TCCACT	2	2	558	530
TATCTT	5	5	1396	1220
TCATAG	2	2	559	532
CTTTTT	15	10	4195	2704
TCTAAT	3	3	839	768
ATAAAA	12	9	3358	2399
AAGGGT	2	2	560	532
ACGACT	1	1	280	269
AGCATA	3	2	840	775
CACGCA	1	1	280	271
CCAGTG	1	1	280	274
GAGCCT	1	1	280	273
GAGTCT	1	1	280	270
GGAAGG	2	2	560	518
TTTGTG	3	3	840	759
AGTGTA	2	2	561	518
GAAACC	2	2	561	539
AAAGGA	6	5	1683	1410
CCGCAT	1	1	281	272
TCCATC	2	2	563	531
TTTTCA	11	9	3098	2306
TTATAA	6	5	1690	1391
TCATGT	2	2	564	549
TAATCT	3	2	847	772
TACACT	2	2	565	538
TTAGAA	4	4	1130	1019
AAGCCG	1	1	283	274
GCGAGA	1	1	283	276
GAAAGA	6	5	1699	1394
AGGGAC	1	1	284	277
CCTCAG	1	1	284	273
CGCAAC	1	1	284	273
TTTTCT	14	10	3982	2601
TCCTAT	2	2	569	537
AATAAG	5	5	1423	1240
TTTGCA	4	3	1139	1018
CCCAGA	1	1	285	276
CTACGA	1	1	285	274
TAACCG	1	1	285	276
TTCTGA	3	2	855	793
CAATGG	2	2	571	528
TGATAC	2	1	571	534
AGACGC	1	1	286	277
CGCATC	1	1	286	272
GCTACC	1	1	286	279
ATATTC	5	4	1430	1230
AGCATC	2	2	573	538
ATATCG	2	2	573	547
ATCTGA	2	2	573	541
AGTCGT	1	1	287	278
CATATA	6	6	1722	1449
TAGGCT	1	1	287	277
ATTGAA	6	6	1723	1449
ATAGCA	3	3	862	797
AGGTTA	2	2	575	535
TTGCAC	2	2	575	548
TCGCAG	1	1	288	279
GAACGG	1	1	289	284
GCAGAC	1	1	289	285
GGGTTA	1	1	289	275
TAAGCT	2	2	578	546
TACTGC	2	2	578	535
TGAGGG	1	1	289	279
TGCTGA	2	2	578	552
CTCATC	3	3	868	729
ATAGTA	4	4	1159	1036
TCCTTT	6	5	1739	1441
CCCTGA	1	1	290	284
GCAGCG	1	1	290	276
GGTTGG	1	1	290	271
GTAGAT	2	2	580	554
TGACGC	1	1	290	284
TGGGGA	1	1	290	282
TTTTAT	11	7	3196	2256
CAAAAC	4	4	1163	1028
AGCCCT	1	1	291	279
CATCCC	1	1	291	281
CCATTC	2	2	582	542
CTCCAA	2	2	584	549
GACAAG	2	2	584	552
GATCGA	1	1	292	285
GCCTAA	1	1	292	284
TGTTTT	7	6	2047	1616
ACTAAA	4	4	1170	1035
ATTAAC	3	3	878	813
AGCTTA	2	2	586	557
CAGCTT	2	2	586	545
CATGGC	1	1	293	277
CCACGT	1	1	293	287
CGCTCT	1	1	293	281
GAATCG	1	1	293	287
TAGACG	1	1	293	287
AAGCAA	5	4	1467	1259
ATAGGA	2	2	587	557
TATCGT	2	2	587	549
TATTAT	8	6	2349	1729
ATATCA	5	5	1470	1276
GGACAG	1	1	294	286
GGTACC	1	1	294	285
TCTGCG	1	1	294	283
TGAGTT	2	2	589	561
CAGACT	1	1	295	283
CATGAG	1	1	295	288
CTAAAC	2	2	591	554
TCGTTA	2	2	592	553
TGCTCG	1	1	296	291
TCAAGA	4	3	1185	1039
GCTTCA	2	1	593	548
CTTTAC	3	3	890	815
TGATTA	3	3	890	832
ACGAAG	2	2	594	531
AGCGGT	1	1	297	291
CCCAAC	1	1	297	279
CCCAAG	1	1	297	288
TATCCG	1	1	297	287
TTTATA	8	6	2376	1847
AAGATG	3	3	892	814
TATTTG	5	5	1487	1292
CTATGG	1	1	298	294
CTCAGC	1	1	298	288
GTTTCA	3	3	895	805
GTCTTC	2	2	597	561
CTTCAA	4	4	1195	1068
AGTTAT	3	2	897	814
CCGAAG	1	1	299	291
CTTGGG	1	1	299	293
TTATCG	2	2	598	558
TTTTTA	12	9	3590	2473
TTTTAA	8	7	2395	1834
TGTATA	5	4	1497	1287
CCCAAA	2	2	600	562
CGCTGC	1	1	300	288
GAACGC	1	1	300	289
GGCGAT	1	1	300	290
GTGAAG	2	2	600	562
TATTAG	3	3	900	826
GTTATT	4	3	1201	1056
AAGAAG	7	4	2102	1589
TAAGTA	3	3	902	824
AGCCGC	1	1	301	291
CACCTG	1	1	301	294
CATCGG	1	1	301	293
CCTCAT	2	2	602	561
CTAGAG	1	1	301	296
CTCCCA	1	1	301	296
GTGAAA	4	4	1205	1079
CATACA	3	2	904	799
TGCAGA	2	1	603	551
TGGGAA	2	2	603	573
TAAATC	3	3	905	835
CGTTAT	2	2	604	568
CTGTCC	1	1	302	294
GCTTAG	1	1	302	288
AAACGC	2	2	605	564
TCTCAT	3	3	908	802
ACCCTG	1	1	303	292
CGAGAA	2	2	606	557
CTTCGG	1	1	303	292
GCAGTT	2	2	607	577
ACCGCA	1	1	304	293
ATGGTC	1	1	304	297
ATTGCC	2	2	608	569
CCTCGA	1	1	304	295
CGTATC	1	1	304	294
CTATCG	1	1	304	295
GCATCC	1	1	304	286
TCCGCA	1	1	304	296
AAATTG	5	4	1522	1298
AATTCT	4	3	1219	1079
AGAGCC	1	1	305	296
AGATAC	2	1	610	573
ATAACC	2	2	610	574
GATACG	1	1	305	292
TCGATC	1	1	305	295
TGCTGT	2	2	611	572
AGTTTC	3	3	917	843
TTCCTT	6	4	1836	1463
AAATGA	5	5	1530	1293
AGTCTG	1	1	306	295
GCTCCT	1	1	306	291
TCAGCG	1	1	306	298
CTTTTC	7	7	2143	1699
GTATCA	2	2	613	573
ACGGTG	1	1	307	296
CGTTAG	1	1	307	300
GCTGTT	2	2	614	571
TGCACC	1	1	307	295
TGGACT	1	1	307	301
ACGTAA	2	2	615	576
CACTGG	1	1	308	296
CCTGGA	1	1	308	302
TCACCA	2	2	616	585
TCGGTT	1	1	308	301
TGGGCT	1	1	308	302
AAGCAT	3	2	925	852
CATTCT	3	3	925	844
AGGAAC	2	2	618	583
GCTATG	1	1	309	296
TGAAGG	2	2	618	580
TTCGGC	1	1	309	301
CATGAT	2	2	619	573
TGGATA	2	2	619	581
ACAATT	4	4	1239	1107
AGTCAG	1	1	310	293
CAGAGA	2	2	620	587
GATGCC	1	1	310	297
TAGTTC	2	2	620	588
TATACC	2	2	622	582
AGCTTC	2	2	623	591
AAGCTT	3	3	936	860
TTCACC	2	2	625	594
TCATAT	4	4	1251	1114
ATGTTG	2	2	626	597
CCTTCA	2	2	626	588
GTATTA	3	3	940	856
TGAGAA	3	3	940	867
ACTGAA	3	3	942	844
CGTAGT	1	1	314	304
CTTACG	1	1	314	303
GGGAAC	1	1	314	303
TAACGA	2	2	629	603
ACACCC	1	1	315	295
CGAGAT	1	1	315	304
TCAGAC	1	1	315	306
TCGCTG	1	1	315	309
TCTGGG	1	1	315	308
TGGCGA	1	1	315	307
TTCGTT	3	3	946	840
AGTCTT	2	2	631	597
CTCACC	1	1	316	301
GACGTA	1	1	316	306
GCCAGT	1	1	316	304
GCGGTT	1	1	316	308
GGGTGA	1	1	316	304
GTAGGT	1	1	316	300
GTAGTC	1	1	316	311
TATAAA	8	5	2529	1992
TCCTTG	2	2	633	594
AGCACA	2	2	634	591
ATCCGT	1	1	317	305
TGATCT	2	2	634	587
ATGGAA	3	3	953	858
TAAGCG	1	1	318	307
AACAAA	8	5	2545	1914
TATAGT	3	2	955	875
AGGAGA	2	2	637	605
CAAGCG	1	1	319	308
CTCGTA	1	1	319	309
TCGGTA	1	1	319	306
TTCCCA	2	2	638	602
CATTGC	2	2	640	603
CCAGCT	1	1	320	305
GCCTGT	1	1	320	313
TATCTG	2	2	640	598
TCTGCA	2	2	640	602
GAACAA	4	4	1282	1125
CAAAAA	9	9	2886	2154
CCGTTC	1	1	321	307
GATTCA	2	2	642	603
GCTTCG	1	1	321	309
AACGCG	1	1	322	304
ATATAG	4	2	1288	1144
GTCAGT	1	1	322	309
AACGAT	2	2	646	597
CCAGAA	2	2	646	598
GGGCAT	1	1	323	316
TCTCCT	2	1	646	596
TTATAC	3	3	970	880
CCTAAA	2	2	647	600
TCTGAT	2	2	647	610
ATAAGA	4	4	1295	1121
TCATTG	3	3	972	881
ACTGGC	1	1	325	318
GCCACC	1	1	325	314
TAACCA	2	2	651	607
TTATCA	4	3	1302	1139
AAAACG	3	2	977	885
ACTATA	3	3	977	904
ACCTGC	1	1	326	315
CTATCA	2	2	652	609
TGCTCC	1	1	326	311
ATCTTT	5	5	1631	1404
CATTAT	4	4	1305	1154
AGGCTA	1	1	327	315
GTGCTC	1	1	327	317
TAACGG	1	1	327	321
TATCCA	2	2	654	614
TATGTA	4	3	1308	1122
AGCCTC	1	1	328	307
AGTAAC	2	2	656	615
GATAGG	1	1	328	314
GTTACT	2	2	656	618
TTAGGC	1	1	328	317
GAAGGT	2	2	657	616
AGGTCT	1	1	329	317
GCAAAC	2	2	658	620
GGTATG	1	1	329	320
TAGTAG	2	2	658	600
TAGTGA	2	2	659	597
CCTTCG	1	1	330	321
CGATTC	1	1	330	316
CTCATG	1	1	330	318
TAAAAT	6	5	1982	1629
TTTGGA	3	2	991	907
AAAAAC	7	5	2313	1826
TGCTTA	2	2	661	618
TTCAAT	5	5	1653	1385
TTATGT	3	3	993	875
AGGCTG	1	1	331	319
ATAGGG	1	1	331	316
CAGCGT	1	1	331	324
CTCGAT	1	1	331	322
CTGGAG	1	1	331	316
TTCTGG	2	2	662	617
AACAAG	4	4	1328	1135
CTCTGG	1	1	332	318
ATAACA	4	3	1330	1161
CGATGA	2	2	665	612
AAACTG	3	3	998	886
ACACGA	1	1	333	322
AGCCCA	1	1	333	318
CAACGC	1	1	333	323
CTCCTA	1	1	333	323
ATATTA	6	5	1998	1577
TGAAAA	9	8	2997	2183
CAATCT	2	2	667	628
TACTGA	2	2	667	619
TGATGT	2	2	667	618
ACCCTA	1	1	334	310
AGTTCG	1	1	334	326
GCCTCA	1	1	334	323
GTACGA	1	1	334	325
TCCCTG	1	1	334	321
AAAGGG	3	3	1003	911
ATGCGT	1	1	335	327
CTCTTC	3	3	1005	890
TATGCC	1	1	335	322
TCCTGG	1	1	335	322
TTGCGC	1	1	335	323
AGAGTT	2	2	671	628
TTTTCG	4	4	1343	1168
ATAACT	3	3	1008	919
GGCTTT	2	2	672	640
TTACCT	2	2	672	634
AATCCC	1	1	337	319
ACAGGC	1	1	337	322
CACCTA	1	1	337	326
ACAGAT	2	2	675	630
AATATC	4	4	1351	1174
AATAAT	7	5	2366	1739
GAATAG	2	2	676	629
GAGCCA	1	1	338	328
GAGTAC	1	1	338	326
TCTTAC	2	2	676	617
ATACGG	1	1	339	326
CCCTAA	1	1	339	322
GGTATC	1	1	339	327
TCCATT	3	3	1017	895
AATGGT	2	2	679	642
CCTATT	2	2	679	643
GCCATT	2	2	679	630
GGTAAT	2	1	679	634
TTCACT	3	2	1019	914
AGATAG	2	2	680	633
CCTGCA	1	1	340	333
CTTCCG	1	1	340	329
TTATAT	7	6	2380	1848
TTAATT	5	5	1701	1398
GAAATA	5	4	1702	1448
AGAATC	2	2	681	641
CACTAT	2	2	681	645
TCTACA	2	2	681	624
ATTCAT	4	4	1364	1182
GGGCTT	1	1	341	329
TGACCT	1	1	341	330
AAGAAT	5	4	1706	1427
TGATGA	3	2	1024	872
TTGCAG	2	2	683	634
TCTTTC	5	5	1709	1394
AGGGCT	1	1	342	324
AGGTGC	1	1	342	329
GAGGTG	1	1	342	330
GTGCTG	1	1	342	326
ATATCC	2	2	685	640
CACCAA	2	2	685	629
CACTAG	1	1	343	336
GACTGA	1	1	343	330
GAGTTC	1	1	343	329
GATACC	1	1	343	332
TCTACT	2	2	686	637
AGTAGA	2	2	687	637
CGATTT	2	2	687	647
CTACAT	2	2	687	637
GGAAAG	3	3	1032	931
GATAAA	4	4	1379	1199
CATAAA	4	4	1380	1197
GCCCAA	1	1	345	334
GCCCAT	1	1	345	335
ACACTC	1	1	346	331
AGAGCA	2	2	692	645
AGCACC	1	1	346	331
GCCTTA	1	1	346	332
GTGTAT	2	2	692	642
AGTACT	2	2	693	649
CAGTAT	2	2	693	647
AACCGA	1	1	347	334
CGTATT	2	2	694	664
GCCGTT	1	1	347	339
GTACCT	1	1	347	337
TCTCTA	2	2	694	644
ATGTTT	3	3	1042	917
CCTTTG	2	2	695	645
ATCTGT	2	2	696	650
ATGGAC	1	1	348	335
TATAAC	3	3	1044	953
TCCATA	2	2	696	659
GTTTAC	2	2	697	646
ACCATG	1	1	349	339
CCAAGC	1	1	349	335
CCGTAT	1	1	349	337
GAGACT	1	1	349	336
TCACGA	1	1	349	332
TAACTT	3	2	1048	940
GGTATT	2	2	699	647
TTGAAT	4	4	1398	1226
ACAGCG	1	1	350	339
ACATGG	1	1	350	332
GATCAA	2	2	700	651
TCCACC	1	1	350	338
AGTTCA	2	2	702	646
CACCAG	1	1	351	336
CGCAGA	1	1	351	335
GAATAA	4	4	1404	1229
GATCCA	1	1	351	335
GCTGGT	1	1	351	341
TGTGAG	1	1	351	335
CAGTGG	1	1	352	338
GCGAAT	1	1	352	333
TAAGCC	1	1	352	340
AAAAAT	13	11	4585	2935
ACTAGC	1	1	353	346
CCGCTT	1	1	353	340
GTAACC	1	1	353	342
CATCAA	3	3	1060	952
CATATT	4	4	1414	1246
TAGTAA	3	3	1061	954
ATCTTC	3	3	1062	952
ATGATA	3	3	1062	949
ATTCCG	1	1	354	340
CATACG	1	1	354	343
CGTAGA	1	1	354	339
CTTACT	2	2	708	660
GCTTGG	1	1	354	339
GGATTT	2	2	708	651
GGTGGT	1	1	354	319
AGCTTT	3	3	1063	972
TGAACT	2	2	709	659
TTTTTG	8	7	2836	2160
ACCTGA	1	1	355	342
GGGAGA	1	1	355	333
ATACAT	4	3	1421	1198
ACAAAG	3	3	1068	964
AGACCT	1	1	356	351
ATCGAG	1	1	356	345
CTAAAG	2	2	712	662
GTGTCT	1	1	356	341
AGAAAG	5	5	1782	1452
AACTAC	2	2	713	654
CCATTA	2	2	713	665
AAGATA	4	4	1428	1210
AGCGCA	1	1	357	342
CCCTAT	1	1	357	340
CCCTCA	1	1	357	345
TACAGA	2	2	714	673
ACCAGC	1	1	358	349
GTGTAG	1	1	358	349
TAGCGA	1	1	358	346
AATACC	2	2	718	667
CTCCCT	1	1	359	331
TGCAGG	1	1	359	350
AGATCA	2	2	719	673
GAGAGA	2	2	719	602
GGAAAC	2	2	719	650
TTATTC	4	3	1438	1243
ACGGTT	1	1	360	349
AAACGT	2	2	721	677
AATTGA	4	4	1442	1238
ACTGCC	1	1	361	344
GATCAC	1	1	361	345
TGGGTG	1	1	361	340
GATAAT	3	3	1085	973
ACTTTT	6	5	2172	1734
AATACA	4	4	1448	1263
ATTATA	5	4	1810	1463
CAAATT	4	4	1448	1256
CAGTCT	1	1	362	348
TCATGG	1	1	362	349
TCTGAC	1	1	362	350
ATTTCG	2	2	725	679
TGCTTC	2	2	725	676
ATACCC	1	1	363	347
CGGCAA	1	1	363	349
GAGCTA	1	1	363	354
GCACCA	1	1	363	337
TATTGT	4	3	1452	1246
TTTTTT	36	10	13097	3069
AACGTC	1	1	364	347
AAGCTA	2	2	728	674
ACAATG	2	2	728	664
AGAATG	2	2	728	677
ATCGTC	1	1	364	351
GACCAT	1	1	364	352
TAGAGA	2	2	728	683
ACCTAC	1	1	365	349
ATCCAA	2	2	730	683
CCGTTA	1	1	365	350
TGTACC	1	1	365	357
CAATCC	1	1	366	350
TAACGC	1	1	366	354
TATTGG	2	2	732	684
CAAGCC	1	1	367	351
GGCATC	1	1	367	355
CTGGAA	2	2	735	672
AGGAAA	5	5	1840	1500
CCTTGG	1	1	368	352
ACAACA	3	3	1107	909
CGGAAG	1	1	369	352
GATCTC	1	1	370	360
AAGGAA	5	4	1852	1502
AAAGCA	4	4	1482	1290
CAAAGG	2	2	741	688
GATTTG	2	2	741	687
CCATTT	3	3	1112	997
ATACCG	1	1	371	357
GCGCTT	1	1	371	356
TTTGTA	4	4	1484	1294
CCCTTG	1	1	372	360
TTTCCG	2	2	745	674
ACATCG	1	1	373	358
TACTAT	3	3	1120	979
AAATAC	4	4	1494	1271
CAGAAT	2	2	747	697
GGTACT	1	1	374	359
TTAAAA	6	6	2244	1788
TTCGGA	1	1	374	359
AAACTC	2	2	749	684
ATCACT	2	2	749	699
GTTGAT	2	2	749	688
GCGATT	1	1	375	360
GTAAAC	2	2	751	686
GAGGGA	1	1	376	359
ACTCAC	1	1	377	359
GTCGAA	1	1	377	360
TCACAT	2	2	754	696
TCGTCT	1	1	377	358
CATGGT	1	1	378	359
TATTTA	6	5	2268	1721
AACGTG	1	1	379	367
CGCTTC	1	1	379	367
GGCTTA	1	1	379	359
CATGGA	1	1	380	369
CCACTG	1	1	380	362
CTCAGT	1	1	380	363
GCTGGA	1	1	380	350
AATCAT	3	2	1141	1012
AACTTT	4	3	1522	1310
AGCGTA	1	1	381	369
ATTACC	2	2	762	698
CTCTGC	1	1	381	365
CAGAAG	2	2	763	712
CTACTT	2	2	763	704
GCTTGC	1	1	382	368
AATGCA	2	2	766	710
ATCACA	2	2	766	708
ATGCCT	1	1	383	368
TTAGAT	2	2	766	711
ATGAGA	2	2	768	693
GACAGT	1	1	384	366
GCCACT	1	1	384	365
GTAAAA	4	3	1541	1317
CAGGAT	1	1	386	371
CTTGAA	3	3	1159	1034
ACTACT	2	2	773	693
TGTCAT	2	2	773	712
TATTAC	3	3	1160	1034
ATTGTA	3	3	1161	1025
GAAGCA	2	2	774	714
GCTAGA	1	1	387	374
GCTCTT	2	2	775	710
GGGATA	1	1	388	366
GTTTTT	6	6	2329	1796
TTTGAT	4	4	1553	1344
AATCTT	3	2	1168	1043
AGCAGG	1	1	390	376
GCGTAT	1	1	390	370
GTACAG	1	1	390	376
TACTCC	1	1	390	375
TCTGCC	1	1	390	374
TGAAAT	4	4	1560	1346
TGTGTC	1	1	390	375
TTGCTG	2	2	781	720
ACAGAC	1	1	391	375
GTAGAG	1	1	391	375
TTACCG	1	1	391	375
GAGAAA	4	3	1567	1317
AAGATC	2	2	784	718
CTTGTA	2	2	784	723
TTAGCA	2	2	785	741
TGAAGT	2	2	786	732
TGGGAT	1	1	393	379
ATGCTC	1	1	395	378
CAGCAC	1	1	395	374
GACGTT	1	1	395	385
GATGTG	1	1	395	374
TAGACT	1	1	395	380
ATCAAC	2	2	791	731
AAGGAG	2	2	792	744
TTCTGC	2	2	792	739
TTCAAG	3	3	1188	1071
ACCGAA	1	1	397	383
GAGTTG	1	1	397	387
TCCTAC	1	1	397	379
TGCTGG	1	1	397	376
CTGAAA	3	3	1193	1055
CCTCTG	1	1	398	380
CTCTTG	2	1	796	709
TATATC	3	3	1196	1078
GAAATT	4	4	1596	1361
TCAGAG	1	1	399	387
TTACCA	2	2	799	738
CTGCCT	1	1	400	373
GTAACG	1	1	400	380
GTCATT	2	2	800	737
TATAGA	3	3	1203	1044
CAAGTC	1	1	401	383
GAGCAG	1	1	401	378
CAATAA	4	4	1605	1347
ACGGTA	1	1	402	381
GGTCAT	1	1	402	379
GTGTGA	1	1	402	388
ACTTCG	1	1	403	391
CCAGCA	1	1	404	389
TTGTTG	3	3	1217	1045
TTTCAG	3	3	1217	1092
GAATGC	1	1	406	382
TCCCCT	1	1	406	387
TGGCAG	1	1	406	390
TTAATA	4	4	1624	1345
GACCTT	1	1	407	387
GACTTC	1	1	407	389
TAACTA	2	2	814	750
GAGAAT	2	2	815	746
TTCGAA	2	2	815	753
CAGCCA	1	1	408	386
GAAGTC	1	1	408	393
GCTATC	1	1	408	387
ACTTAA	2	2	817	750
ACACCT	1	1	409	397
TTCTCC	2	2	818	736
TTGAGA	2	2	819	754
TCTTTG	3	3	1229	1098
GTAAGC	1	1	410	392
AATATT	6	5	2462	1889
TACTTT	4	4	1642	1398
TTAAAG	3	3	1232	1093
CGTTGA	1	1	411	391
TCCCTC	1	1	411	391
TTGTAA	3	3	1234	1118
TATTGA	3	2	1236	1096
CGACAA	1	1	412	389
GCATAG	1	1	412	390
AGATAA	3	3	1239	1056
AGCTAC	1	1	413	391
ATTATT	6	5	2480	1835
CTTACC	1	1	414	391
GCAGGA	1	1	414	399
GGTAGA	1	1	414	392
GGTCAA	1	1	414	400
TCCTGC	1	1	415	398
TGAATA	3	3	1246	1091
AAATAG	4	4	1668	1418
ACTCCT	1	1	417	401
CAACGT	1	1	417	401
TGTCCA	1	1	417	402
CAGGTA	1	1	418	405
GAACCT	1	1	418	401
GCAAGG	1	1	418	397
ATCTCT	2	2	837	768
TAAGTT	2	2	838	762
TCAGTG	1	1	419	408
AACATT	3	3	1258	1093
AACTTA	2	2	840	760
ACTCTC	1	1	420	403
AGGATG	1	1	420	398
AGGTTC	1	1	420	412
CGCTAT	1	1	420	400
GAGAGT	1	1	420	399
TAAAAC	3	3	1261	1094
ACTATG	1	1	421	401
GTAAGG	1	1	421	405
AACATA	3	2	1263	1119
GCAATA	2	2	843	777
TTTAGC	2	2	843	776
GTTGTC	1	1	422	396
AGGTGT	1	1	423	409
GGTTCA	1	1	423	398
AAAATT	8	8	3387	2436
TCCCTT	2	2	847	763
AATGGA	2	2	848	774
CTGTAG	1	1	424	414
GTTCAG	1	1	424	400
AGGGAA	2	1	849	774
AACGCT	1	1	425	403
CGTGAA	1	1	425	407
CTATGA	1	1	425	403
TGACGA	1	1	425	395
TTGCGA	1	1	425	406
TGAACA	2	2	851	786
ACTACC	1	1	426	410
AGTGAG	1	1	426	400
CAGATC	1	1	426	406
CTAGCA	1	1	426	414
TCGAAA	2	2	852	779
CACTCT	1	1	428	411
AAGGTA	2	2	857	781
CTTCTC	2	2	859	785
ACCATT	2	2	861	783
CGTTGT	1	1	431	415
ATTCTC	2	2	863	797
TAATGT	2	2	864	783
CAGCTA	1	1	433	411
GAAGGC	1	1	434	419
GTAGTG	1	1	434	406
CAAGAT	2	2	869	792
GTTTTC	3	3	1304	1136
CCTACA	1	1	435	412
CTGAAC	1	1	436	417
TGTCTT	2	2	872	806
AGAAAC	3	2	1309	1154
GAATTA	2	2	873	799
CTCACA	1	1	437	420
TCGATG	1	1	437	420
TGTCTA	1	1	437	413
CCTGTA	1	1	438	421
GGATTA	1	1	438	422
GTCACT	1	1	438	421
TAATCG	1	1	438	421
TGAACC	1	1	438	421
AACGAC	1	1	439	427
ACGACA	1	1	439	416
GAACTC	1	1	439	425
TCACTC	1	1	439	422
TATCAA	3	3	1319	1154
CTGCTC	1	1	440	417
AACCTG	1	1	441	429
CGCAAT	1	1	441	425
AACGAG	1	1	442	421
ACAGTG	1	1	442	417
GGTAAG	1	1	442	413
TGACAC	1	1	442	425
TGGCCA	1	1	442	414
AGCGAT	1	1	443	428
CACTAC	1	1	443	408
CCCCTT	1	1	444	411
CTGGTA	1	1	444	429
ACAACG	1	1	445	429
TTGCGT	1	1	445	428
AGCATT	2	1	891	822
CCAAAT	2	1	892	817
TATGTC	1	1	446	426
TCACAC	1	1	446	414
TCACAG	1	1	447	426
ATGAAA	4	3	1790	1472
TTTACC	2	1	895	811
TGGGTT	1	1	448	429
TTGGCC	1	1	448	426
TATTCA	3	3	1345	1176
AAGAGT	2	2	898	825
GAACGA	1	1	449	432
GAAGAA	5	4	2246	1636
CCAGAT	1	1	450	434
GAGGAT	1	1	450	429
CGTCAT	1	1	451	425
GAAGGA	2	2	902	805
GGCCAA	1	1	451	425
GGTTGA	1	1	451	429
TGTCTC	1	1	451	427
GATTAT	2	2	904	828
GGGGAA	1	1	453	432
AGATTA	2	2	911	822
AGACGA	1	1	456	424
ATGAGG	1	1	456	438
GTTATG	1	1	457	430
ACCTAA	1	1	458	432
CCAAGT	1	1	458	444
TTGGAC	1	1	458	429
TCAAAT	3	3	1374	1203
GAAAGG	2	2	917	845
GAGGTT	1	1	459	437
GGCAAG	1	1	459	429
TGATTT	3	3	1377	1178
TTTCTT	9	8	4139	2660
CGCATA	1	1	460	440
AGTGCT	1	1	461	433
TCTTTT	8	8	3688	2473
TGCTAC	1	1	461	433
CAACAA	3	3	1384	1138
CAATGC	1	1	462	443
GGTCTT	1	1	462	444
CCTTTA	2	2	926	845
CATTGT	2	2	927	844
TACGAT	1	1	465	434
TATGAG	1	1	465	445
AACGGT	1	1	466	440
ATCAAG	2	2	932	847
GGTAAC	1	1	466	441
TCTCAC	1	1	466	441
GTTGTT	2	2	934	805
GCTACT	1	1	469	443
TCAGCT	1	1	469	445
TCTGTT	2	2	940	844
ATTGCA	2	2	941	858
CTGCTA	1	1	471	442
TACCTA	1	1	471	444
ATCTCC	1	1	473	448
ATTCCC	1	1	473	446
CACAAA	2	2	946	864
GCAAGT	1	1	474	454
TCCAAA	2	2	948	865
ATTTGA	3	3	1423	1227
TCAATT	3	3	1423	1218
TAGTAT	2	2	949	854
TGTTGT	2	1	949	814
CACGAA	1	1	475	449
TTGTAT	3	2	1427	1235
TTAAAC	2	2	955	857
ACGGAA	1	1	478	453
CTATGT	1	1	478	451
TACCCT	1	1	478	440
CTTCTT	4	3	1914	1477
ACTCCA	1	1	480	463
AAAACA	5	3	2402	1840
GGGTTT	1	1	481	458
GTTACC	1	1	482	456
TAAATA	5	5	2414	1846
CCTAAT	1	1	483	456
AAATCA	3	3	1450	1262
TAAAAA	7	6	3387	2399
ATCGTA	1	1	484	468
CTACCA	1	1	485	465
CTAGTA	1	1	485	463
GCTTCC	1	1	485	463
TGTCAC	1	1	486	468
ATGATT	2	2	973	880
CTCGAA	1	1	487	464
CTTCCT	2	2	974	879
TAGCTA	1	1	487	464
TCTAGT	1	1	488	472
ATTACG	1	1	489	468
AGGAAG	2	2	979	842
ATGCTG	1	1	490	462
TCTGTG	1	1	490	466
AGTGAA	2	2	982	871
GTTCCA	1	1	491	469
TAGGTT	1	1	492	456
GCCTTC	1	1	493	469
CCAGTT	1	1	494	462
TTATAG	2	2	988	897
TTTTGC	3	3	1483	1292
CATCGT	1	1	495	472
TCACTT	2	2	993	906
ACCACT	1	1	497	476
ACCATC	1	1	497	474
CACTTG	1	1	497	460
GGGAAA	2	2	994	880
GGTTTT	2	2	994	892
TAATTA	3	3	1492	1251
AGAAGT	2	2	998	901
AACCAA	2	2	1001	894
CAACGA	1	1	501	473
GATGAC	1	1	501	455
GGATGA	1	1	501	474
ATAATC	2	2	1003	916
CGCATT	1	1	502	483
TCTTCC	2	2	1005	901
CTAACT	1	1	503	478
TCCTGT	1	1	503	467
TTGGGT	1	1	503	486
TAATAC	2	2	1007	923
ACGAAA	2	2	1008	909
CTTAAC	1	1	504	479
CTTGGC	1	1	504	481
GTGTTA	1	1	504	476
ACTAGA	1	1	506	478
CACTGA	1	1	506	492
TAACGT	1	1	506	482
TACTAG	1	1	506	485
TGATGC	1	1	506	480
TGCAAC	1	1	506	492
AGAATA	3	3	1520	1298
AAGCGA	1	1	508	478
CTATAG	1	1	508	480
TACATG	1	1	508	487
ACTGGA	1	1	509	476
TCCAGA	1	1	510	485
CTTTGA	2	2	1021	918
TTTTGA	4	4	2044	1674
AGAGAC	1	1	512	482
AAAGAT	3	3	1538	1315
ATGTCT	1	1	513	484
AAACCA	2	2	1027	938
TGGTTC	1	1	514	486
TAATCA	2	2	1029	936
TGGTGT	1	1	515	479
ATCAAA	3	3	1549	1321
TTATTA	4	4	2066	1575
AAACCC	1	1	517	488
GTAATT	2	2	1035	939
GGTTTG	1	1	519	493
TTGCAT	2	2	1040	936
TTTCGG	1	1	523	493
TATTAA	3	2	1570	1298
TAAATT	3	3	1571	1321
ACTAGT	1	1	524	487
CTCTGT	1	1	524	496
ACTTTA	2	2	1050	948
CTGTCA	1	1	525	495
CTTGGT	1	1	525	495
GCATCA	1	1	525	494
ACAATA	3	3	1579	1332
ATCTGC	1	1	527	495
ACGTTA	1	1	528	506
AAACAA	5	4	2644	1926
AATTCG	1	1	530	496
GTTAAG	1	1	530	492
TAATGA	2	2	1062	932
TTCAGG	1	1	531	504
CGTTTT	2	2	1063	934
GGTTAT	1	1	532	500
TGGTTG	1	1	532	496
TTCCAA	2	2	1064	945
TATTCT	3	3	1597	1350
CTCAAG	1	1	533	505
GGACAA	1	1	534	506
TAGCAG	1	1	534	505
TAATAT	4	3	2139	1671
GAGATG	1	1	535	491
AGGACA	1	1	536	509
TGGCAT	1	1	536	504
TTAGGA	1	1	536	509
CATTAA	2	2	1073	963
TGTGCT	1	1	537	511
AACTGG	1	1	539	498
CAAGAC	1	1	539	512
TTTAAA	4	4	2158	1748
AACGCA	1	1	540	507
ATACTC	1	1	540	511
GCTGCT	1	1	540	493
TTTATG	2	2	1082	975
CGAAAG	1	1	542	518
GCTTAA	1	1	542	520
TAATTG	2	2	1084	967
ATAATG	2	2	1085	959
TGTTCC	1	1	543	514
ATAAAT	4	3	2175	1702
TTAAGC	1	1	545	520
CGTTAA	1	1	547	521
AACAAT	3	3	1646	1394
CTTCAG	1	1	549	527
TTCTTT	7	5	3852	2521
AATCGA	1	1	551	522
ACTTGC	1	1	551	518
GTCCTT	1	1	551	524
TTGTGC	1	1	552	522
GAAAAT	4	3	2209	1770
AATTAA	3	3	1659	1358
AAAGAG	3	3	1661	1411
AAGGGC	1	1	554	522
TAACAC	1	1	555	522
GGAAGA	2	2	1112	977
TATGGA	1	1	556	517
CATTGG	1	1	557	523
ATTCGT	1	1	558	524
CATGTT	1	1	559	531
GTTATC	1	1	561	520
ATTACT	2	2	1123	1018
ATGTCA	1	1	562	531
TTACTA	2	2	1127	1003
GAATGT	1	1	564	530
GTTGCT	1	1	565	540
AGTATC	1	1	566	530
CGAATT	1	1	567	542
CCTTCC	1	1	568	536
CTGTTC	1	1	568	528
ATCAGT	1	1	569	539
CCTGTT	1	1	571	533
AGAACG	1	1	573	538
CCATCA	1	1	573	546
TCTTCT	3	2	1720	1344
CATCCA	1	1	574	531
TGCTGC	1	1	577	517
CCACTT	1	1	578	552
TCATCC	1	1	581	532
TGTAAG	1	1	583	548
ACACTA	1	1	584	555
TCATAC	1	1	584	547
AAATCT	2	2	1171	1062
CTTTCG	1	1	587	561
AACAAC	2	2	1176	986
CATAAG	1	1	588	547
GGCATT	1	1	588	549
ACTGAT	1	1	589	556
TTGAAA	4	4	2359	1879
ATTAAA	3	3	1780	1443
ATCTAC	1	1	595	554
ATGGAT	1	1	595	555
ATTGGC	1	1	595	559
TGATTC	1	1	599	559
GAGTAA	1	1	600	578
AGCTAA	1	1	602	568
AATGTC	1	1	603	573
GATGTT	1	1	604	562
ATACTT	2	2	1210	1093
TGCAAG	1	1	605	570
TACTCA	1	1	607	567
ACCAAG	1	1	608	565
ATTAGC	1	1	609	566
GCATTG	1	1	609	570
CGATAA	1	1	610	574
GTAAAT	2	2	1225	1075
ACTATT	2	2	1227	1079
ATCAAT	2	2	1227	1047
GAACTA	1	1	615	574
TTCGTA	1	1	615	585
AGATCT	1	1	616	574
TAATGG	1	1	617	580
ACAAGG	1	1	619	591
ACGATA	1	1	619	572
AGCAGT	1	1	619	574
ATGTTC	1	1	619	579
GAATTC	1	1	619	569
GTAGTA	1	1	619	558
AGATTT	2	2	1240	1092
AATAGT	2	2	1242	1095
ACTGCT	1	1	623	577
AGATTC	1	1	624	586
AGTGTT	1	1	627	595
TTCCAG	1	1	627	586
AATCAG	1	1	628	591
TGTTGC	1	1	629	589
AATTCA	2	2	1259	1103
CGTAAA	1	1	631	594
TAAACC	1	1	632	598
TCAGTA	1	1	632	604
CCAAAA	2	2	1266	1099
TAGTTG	1	1	633	601
TTTGGG	1	1	633	595
CTTATC	1	1	635	573
CATAAC	1	1	636	597
TCTGCT	1	1	636	594
CCAAAG	1	1	637	596
CAAAGA	2	2	1275	1129
GAATAT	2	2	1281	1133
GATTCT	1	1	641	611
TATAGC	1	1	641	603
ACAATC	1	1	642	594
CTGATT	1	1	645	605
CTCTTA	1	1	646	609
TCTTCA	2	2	1292	1133
TTTCTG	2	2	1294	1128
GAGATT	1	1	650	590
TTATCC	1	1	650	607
ATGAAC	1	1	652	609
ATTCAC	1	1	652	606
TCTCCA	1	1	652	604
TCAATC	1	1	654	593
TGTAGT	1	1	655	619
TAAACG	1	1	656	618
AGCAGA	1	1	657	609
TGTAAA	2	2	1319	1160
TTCATA	2	2	1321	1169
ATCAGA	1	1	664	618
TCACTA	1	1	664	624
TGAGAT	1	1	665	601
TTCGAT	1	1	666	624
AACGTT	1	1	670	635
CTTGCA	1	1	670	630
TGTATT	2	2	1341	1171
TATCAG	1	1	675	623
TTTGAA	3	3	2027	1672
TGCCAA	1	1	679	637
AAATCG	1	1	680	638
GGAATT	1	1	681	631
CCTTAT	1	1	682	634
CGAAAT	1	1	683	630
CTCCTT	1	1	685	636
TTACCC	1	1	686	628
TTCCTG	1	1	686	626
CTGTAA	1	1	688	643
GTATTG	1	1	688	645
TACTCT	1	1	688	637
TTCTTC	3	3	2072	1581
ATGACA	1	1	693	646
TTGGCT	1	1	693	646
ACATTC	1	1	695	651
GACAAT	1	1	700	652
TACCAT	1	1	703	668
GCATTA	1	1	704	652
TGCCTT	1	1	705	648
AAACTT	2	2	1415	1217
TGTTAC	1	1	712	678
TTGATC	1	1	712	659
GAAAAC	2	2	1428	1239
CAGATT	1	1	716	668
GAATAC	1	1	716	669
TGTGTA	1	1	721	655
CTTTTG	2	2	1444	1236
TATCCT	1	1	724	673
TTATTG	2	2	1454	1250
CCATAT	1	1	728	676
GTATTC	1	1	728	691
TATCTC	1	1	728	687
TTCTTA	2	2	1461	1256
ATGTTA	1	1	733	683
TATCAC	1	1	734	693
TCTTGG	1	1	734	696
ATTGAG	1	1	738	678
CTGCTT	1	1	739	682
GCATAA	1	1	739	698
CGAAGA	1	1	742	673
TAGGAA	1	1	742	697
CAAATC	1	1	743	682
CAATTT	2	2	1486	1288
AAGCAG	1	1	753	699
GTATTT	2	2	1507	1321
AACAGC	1	1	756	688
ATTGGT	1	1	756	703
ACATCT	1	1	762	707
AGGTTT	1	1	762	700
CACAAT	1	1	762	707
TTAAAT	2	2	1531	1301
GATGAG	1	1	767	682
GAACAT	1	1	769	714
ACAGCA	1	1	771	689
AGAGGA	1	1	776	701
AGGAAT	1	1	776	710
TACTTG	1	1	777	738
ATAAGG	1	1	781	718
TTCACA	1	1	786	725
CTTCTG	1	1	787	737
GATTTT	2	2	1574	1316
AAAATC	2	2	1576	1352
AAGTAG	1	1	788	733
CAAACT	1	1	793	741
ATCTTA	1	1	797	736
ATTCTG	1	1	797	735
ACAGTA	1	1	800	735
GCCTTT	1	1	804	733
CTTGAT	1	1	805	750
AAGAGC	1	1	806	740
AATCTA	1	1	808	746
GCTAAA	1	1	810	754
TTACTG	1	1	810	752
AAACCT	1	1	815	741
GAAAGC	1	1	818	751
CTTCCA	1	1	819	757
AACATC	1	1	820	761
ATTCCT	1	1	821	758
GATTTC	1	1	824	767
TTGCCA	1	1	827	765
AATGAA	2	2	1663	1393
GTTCAA	1	1	833	770
TGTTGA	1	1	839	768
GCAAGA	1	1	841	768
GATGAT	1	1	849	733
TGAAAC	1	1	856	774
TTTGAG	1	1	861	803
GCAATT	1	1	863	786
TTTCGA	1	1	866	800
CAGTAA	1	1	871	804
CTATAA	1	1	872	806
TCTCAA	1	1	874	804
ACTCTT	1	1	875	807
CCTCTT	1	1	875	802
ATTAGA	1	1	876	807
ATTCTT	2	2	1774	1479
AACACA	1	1	888	806
AATTAT	2	2	1778	1447
TAATTC	1	1	891	816
TCAGAA	1	1	891	817
AGCAAT	1	1	900	814
AATTGC	1	1	905	813
GTTATA	1	1	905	825
AGATGA	1	1	917	817
AAACAC	1	1	923	842
CTAATA	1	1	928	844
CCTTCT	1	1	934	848
TCTTAA	1	1	946	866
ATTAAG	1	1	953	873
TACTAA	1	1	953	868
AATGTT	1	1	958	858
GTTGAA	1	1	968	881
TAAATG	1	1	968	871
CTTTCC	1	1	970	872
GTCTTT	1	1	990	906
ACAAAC	1	1	995	876
TGCATT	1	1	995	895
TTAAGA	1	1	1003	897
CAATTA	1	1	1009	898
CTTAAA	1	1	1012	918
ATACTA	1	1	1031	913
GAAAGT	1	1	1033	936
AATTAC	1	1	1038	940
TTGCAA	1	1	1056	954
TTCTCA	1	1	1058	973
AAAACC	1	1	1067	962
TTCTGT	1	1	1077	959
TGTTAT	1	1	1082	979
ACCAAA	1	1	1087	963
AAAGTG	1	1	1108	994
TGAAAG	1	1	1121	994
AGTATT	1	1	1126	1010
AATACT	1	1	1164	1020
ATTATC	1	1	1165	1053
TTGAAG	1	1	1209	1088
ACATAA	1	1	1211	1059
GAAACA	1	1	1212	1049
AAATTC	1	1	1330	1163
TAAACA	1	1	1410	1217
AATCAA	1	1	1422	1218
AAACAT	1	1	1467	1277
ATTAAT	1	1	1496	1230
AAACCG	0	0	422	400
AAACGA	0	0	879	805
AAATTA	0	0	2021	1611
AACCCC	0	0	272	258
AACCCG	0	0	214	209
AACCGC	0	0	295	290
AACCGG	0	0	221	218
AACCGT	0	0	370	354
AACGAA	0	0	934	857
AACGGC	0	0	333	325
AACTAG	0	0	560	526
AAGACG	0	0	532	492
AAGATT	0	0	1226	1077
AAGCCC	0	0	303	290
AAGCCT	0	0	514	487
AAGGAC	0	0	597	559
AAGGAT	0	0	854	786
AAGTGC	0	0	530	504
AAGTGG	0	0	571	534
AATACG	0	0	657	613
AATCCG	0	0	288	285
AATCGG	0	0	323	314
AATCTG	0	0	660	627
AATTAG	0	0	928	852
AATTCC	0	0	642	599
ACACGG	0	0	189	187
ACACGT	0	0	335	322
ACAGCC	0	0	314	306
ACATCC	0	0	435	416
ACCAGG	0	0	282	275
ACCCCG	0	0	126	123
ACCCCT	0	0	247	239
ACCCGA	0	0	213	207
ACCCGC	0	0	224	217
ACCCGT	0	0	239	233
ACCCTT	0	0	602	577
ACCGAC	0	0	184	182
ACCGAG	0	0	206	201
ACCGAT	0	0	300	286
ACCGCC	0	0	224	223
ACCGCG	0	0	134	132
ACCGGC	0	0	140	137
ACCGGT	0	0	209	201
ACCGTC	0	0	257	251
ACCGTT	0	0	453	431
ACCTCG	0	0	222	218
ACCTGG	0	0	271	261
ACCTTC	0	0	521	494
ACGAAC	0	0	390	377
ACGAAT	0	0	571	537
ACGACC	0	0	192	188
ACGAGA	0	0	381	364
ACGAGT	0	0	258	251
ACGATC	0	0	288	278
ACGATG	0	0	392	373
ACGCAA	0	0	494	462
ACGCAT	0	0	425	406
ACGCCC	0	0	136	135
ACGCCG	0	0	153	152
ACGCGG	0	0	118	116
ACGCGT	0	0	291	264
ACGCTA	0	0	372	357
ACGCTG	0	0	291	285
ACGGAG	0	0	254	248
ACGGCC	0	0	156	152
ACGGCG	0	0	177	173
ACGGCT	0	0	288	282
ACGGGG	0	0	130	128
ACGGGT	0	0	183	180
ACGTAC	0	0	406	388
ACGTCG	0	0	213	207
ACGTTG	0	0	396	380
ACTAGG	0	0	270	263
ACTCCG	0	0	201	196
ACTCGA	0	0	270	260
ACTCGG	0	0	161	157
ACTGAC	0	0	373	360
ACTGGT	0	0	429	411
ACTGTC	0	0	409	399
ACTTCC	0	0	627	590
ACTTGG	0	0	421	404
AGACAC	0	0	425	407
AGACGG	0	0	254	242
AGACGT	0	0	349	341
AGACTA	0	0	485	460
AGAGCG	0	0	305	298
AGAGTA	0	0	707	664
AGATCC	0	0	357	338
AGATCG	0	0	295	287
AGATTG	0	0	653	604
AGCAGC	0	0	608	527
AGCCAG	0	0	298	285
AGCCCC	0	0	137	135
AGCCCG	0	0	143	141
AGCCGG	0	0	168	166
AGCCTA	0	0	313	305
AGCCTG	0	0	285	278
AGCCTT	0	0	558	522
AGCGAA	0	0	519	492
AGCGCG	0	0	173	169
AGCGGC	0	0	282	275
AGCGTT	0	0	436	420
AGCTAT	0	0	636	603
AGCTCC	0	0	258	250
AGCTGA	0	0	490	462
AGGACG	0	0	261	254
AGGACT	0	0	351	336
AGGAGC	0	0	361	345
AGGAGG	0	0	418	389
AGGATC	0	0	384	369
AGGATT	0	0	587	555
AGGCAC	0	0	317	296
AGGCAG	0	0	392	372
AGGCAT	0	0	536	514
AGGCCC	0	0	184	178
AGGCGA	0	0	291	276
AGGCGG	0	0	221	212
AGGGAG	0	0	350	331
AGGGCC	0	0	239	231
AGGGCG	0	0	192	191
AGGGGC	0	0	271	262
AGGGGG	0	0	194	187
AGGGTA	0	0	404	385
AGGTAC	0	0	387	378
AGGTAG	0	0	374	353
AGGTCC	0	0	228	219
AGGTCG	0	0	182	180
AGTAAT	0	0	1140	1025
AGTAGG	0	0	372	355
AGTCCT	0	0	339	329
AGTCGG	0	0	154	152
AGTGCC	0	0	282	274
AGTGCG	0	0	208	204
AGTGGG	0	0	292	282
AGTTGA	0	0	816	753
ATACCT	0	0	586	551
ATACGC	0	0	417	400
ATAGGC	0	0	343	331
ATCAGG	0	0	385	369
ATCATG	0	0	520	492
ATCCAG	0	0	404	387
ATCCCC	0	0	211	201
ATCCCG	0	0	194	188
ATCCGA	0	0	275	267
ATCCGC	0	0	264	252
ATCCGG	0	0	219	215
ATCCTG	0	0	415	396
ATCGAC	0	0	296	288
ATCGAT	0	0	547	522
ATCGCC	0	0	278	266
ATCGCG	0	0	249	242
ATCGGA	0	0	309	300
ATCGGC	0	0	258	252
ATCGTG	0	0	354	338
ATCTCA	0	0	808	712
ATGACC	0	0	315	305
ATGACG	0	0	372	357
ATGCAG	0	0	477	451
ATGCCC	0	0	276	265
ATGCCG	0	0	225	216
ATGCGG	0	0	260	250
ATGGCC	0	0	299	289
ATGGCG	0	0	293	285
ATGGGC	0	0	314	301
ATGTCC	0	0	324	316
ATTAGG	0	0	509	487
ATTCAG	0	0	629	588
ATTCGA	0	0	545	522
ATTCGC	0	0	367	355
ATTCGG	0	0	301	291
ATTGCG	0	0	402	390
CAAACC	0	0	540	512
CAAACG	0	0	527	493
CAACCG	0	0	270	265
CAACGG	0	0	292	277
CAAGGA	0	0	740	680
CAAGTG	0	0	495	475
CAATAC	0	0	762	699
CAATCA	0	0	765	691
CACACG	0	0	275	263
CACAGA	0	0	552	516
CACCCT	0	0	312	298
CACCGA	0	0	233	225
CACCGG	0	0	184	181
CACGAC	0	0	219	212
CACGAT	0	0	313	294
CACGCC	0	0	160	158
CACGCG	0	0	131	127
CACGGG	0	0	133	128
CACGTA	0	0	355	342
CACGTT	0	0	459	446
CACTCC	0	0	300	295
CAGACC	0	0	230	225
CAGAGC	0	0	270	264
CAGCAG	0	0	585	509
CAGCAT	0	0	572	542
CAGCCC	0	0	201	193
CAGCCT	0	0	303	295
CAGCGC	0	0	256	243
CAGCGG	0	0	238	228
CAGGCA	0	0	370	350
CAGGCG	0	0	188	182
CAGGCT	0	0	296	285
CAGGGA	0	0	310	304
CAGGGG	0	0	195	184
CAGGTC	0	0	223	219
CAGTGC	0	0	258	247
CAGTGT	0	0	387	381
CATACC	0	0	389	372
CATAGG	0	0	278	269
CATCCG	0	0	267	255
CATCGA	0	0	483	460
CATCTC	0	0	706	635
CATGCG	0	0	196	193
CATGTG	0	0	348	341
CATTCG	0	0	396	386
CCAAAC	0	0	573	541
CCAACC	0	0	332	320
CCAAGG	0	0	409	385
CCACCG	0	0	248	244
CCACTC	0	0	326	310
CCAGCC	0	0	213	208
CCAGCG	0	0	215	209
CCAGGC	0	0	192	184
CCAGGG	0	0	177	171
CCATCG	0	0	318	309
CCATGT	0	0	361	347
CCATTG	0	0	692	641
CCCACT	0	0	298	285
CCCAGC	0	0	201	198
CCCAGG	0	0	174	170
CCCAGT	0	0	275	266
CCCATT	0	0	540	513
CCCCAG	0	0	179	176
CCCCCC	0	0	201	133
CCCCCG	0	0	102	100
CCCCCT	0	0	227	212
CCCCGA	0	0	105	102
CCCCGG	0	0	102	98
CCCCTA	0	0	206	197
CCCCTC	0	0	273	255
CCCCTG	0	0	170	158
CCCGAA	0	0	245	237
CCCGAG	0	0	108	106
CCCGAT	0	0	161	157
CCCGCA	0	0	224	215
CCCGCG	0	0	131	129
CCCGGA	0	0	201	197
CCCGGG	0	0	84	80
CCCGTA	0	0	199	196
CCCGTC	0	0	170	168
CCCGTG	0	0	127	125
CCCTAC	0	0	238	227
CCCTCT	0	0	416	387
CCCTGC	0	0	238	228
CCCTGG	0	0	192	189
CCCTTC	0	0	533	497
CCCTTT	0	0	1030	911
CCGAAA	0	0	520	495
CCGAAC	0	0	207	203
CCGAAT	0	0	300	289
CCGACA	0	0	209	198
CCGACC	0	0	95	95
CCGACG	0	0	128	125
CCGAGA	0	0	240	238
CCGAGC	0	0	138	137
CCGAGG	0	0	133	132
CCGATC	0	0	167	163
CCGATT	0	0	298	294
CCGCAA	0	0	317	308
CCGCAC	0	0	244	233
CCGCCG	0	0	202	191
CCGCCT	0	0	228	219
CCGCGA	0	0	146	141
CCGCGG	0	0	165	153
CCGCGT	0	0	139	139
CCGCTC	0	0	204	201
CCGGAA	0	0	306	296
CCGGAC	0	0	154	150
CCGGAT	0	0	201	198
CCGGCG	0	0	148	145
CCGGCT	0	0	179	176
CCGGGA	0	0	118	116
CCGGGG	0	0	90	90
CCGGTG	0	0	187	178
CCGTAA	0	0	292	284
CCGTCC	0	0	158	153
CCGTGA	0	0	181	178
CCGTGT	0	0	200	194
CCGTTG	0	0	283	277
CCTAAC	0	0	282	271
CCTAAG	0	0	229	224
CCTACT	0	0	367	355
CCTAGC	0	0	205	202
CCTAGG	0	0	156	156
CCTATA	0	0	465	438
CCTCGC	0	0	187	184
CCTGAC	0	0	205	201
CCTGAG	0	0	215	212
CCTGCC	0	0	265	254
CCTGCG	0	0	226	220
CCTGGC	0	0	218	211
CCTGGG	0	0	191	185
CCTGGT	0	0	287	282
CCTTAA	0	0	572	533
CCTTTC	0	0	911	823
CGAAAC	0	0	444	417
CGAACA	0	0	445	417
CGAAGC	0	0	311	307
CGAAGG	0	0	356	339
CGAATA	0	0	547	513
CGACAC	0	0	194	192
CGACCA	0	0	209	206
CGACCC	0	0	102	99
CGACCG	0	0	114	114
CGACGA	0	0	266	247
CGACGG	0	0	155	154
CGACTA	0	0	243	234
CGAGAG	0	0	256	252
CGAGCC	0	0	174	172
CGAGCT	0	0	221	217
CGAGGA	0	0	345	328
CGAGGG	0	0	154	148
CGAGTT	0	0	278	266
CGATCA	0	0	273	269
CGATCG	0	0	166	160
CGATCT	0	0	324	308
CGATGC	0	0	302	290
CGATGG	0	0	299	291
CGATGT	0	0	307	297
CGATTA	0	0	408	387
CGATTG	0	0	337	328
CGCAAG	0	0	306	300
CGCACG	0	0	168	166
CGCAGG	0	0	199	193
CGCATG	0	0	181	177
CGCCCA	0	0	206	201
CGCCCC	0	0	138	131
CGCCGA	0	0	178	173
CGCCGC	0	0	185	171
CGCCGG	0	0	134	133
CGCCGT	0	0	207	204
CGCCTA	0	0	171	166
CGCCTG	0	0	197	192
CGCGCC	0	0	149	148
CGCGCG	0	0	158	137
CGCGGC	0	0	157	153
CGCGGT	0	0	132	129
CGCGTA	0	0	212	202
CGCGTC	0	0	173	164
CGCGTT	0	0	318	303
CGCTCA	0	0	253	247
CGCTCC	0	0	167	160
CGCTGT	0	0	306	295
CGCTTG	0	0	293	279
CGGAAT	0	0	336	325
CGGACC	0	0	143	142
CGGACG	0	0	128	126
CGGAGC	0	0	164	159
CGGAGG	0	0	183	178
CGGATC	0	0	184	182
CGGCAG	0	0	225	216
CGGCAT	0	0	287	280
CGGCCA	0	0	194	190
CGGCCG	0	0	140	132
CGGCCT	0	0	196	192
CGGCGA	0	0	188	185
CGGCGC	0	0	166	163
CGGCGG	0	0	194	188
CGGCTA	0	0	260	252
CGGCTC	0	0	193	191
CGGCTG	0	0	222	214
CGGCTT	0	0	328	317
CGGGAG	0	0	136	131
CGGGAT	0	0	185	181
CGGGCG	0	0	111	108
CGGGCT	0	0	130	128
CGGGGA	0	0	149	145
CGGGGC	0	0	106	105
CGGGGG	0	0	72	72
CGGGGT	0	0	137	135
CGGTAT	0	0	346	334
CGGTCA	0	0	195	193
CGGTGA	0	0	273	267
CGGTGT	0	0	264	258
CGGTTC	0	0	237	232
CGGTTG	0	0	234	229
CGTAAT	0	0	487	458
CGTACC	0	0	223	215
CGTACT	0	0	379	364
CGTAGG	0	0	184	180
CGTCAC	0	0	255	251
CGTCCG	0	0	116	113
CGTCGA	0	0	208	200
CGTGCT	0	0	266	258
CGTGGG	0	0	168	163
CGTGTC	0	0	184	181
CGTTAC	0	0	355	342
CGTTCG	0	0	213	207
CGTTGC	0	0	323	314
CGTTGG	0	0	283	273
CTAACC	0	0	278	271
CTAACG	0	0	254	249
CTAAGC	0	0	322	312
CTACAC	0	0	347	330
CTACCG	0	0	267	261
CTACTC	0	0	381	363
CTACTG	0	0	512	476
CTAGAC	0	0	258	251
CTAGGC	0	0	187	185
CTAGGG	0	0	179	177
CTAGTG	0	0	349	337
CTATTC	0	0	719	667
CTCACG	0	0	205	199
CTCCAC	0	0	395	378
CTCCAT	0	0	506	481
CTCCGC	0	0	201	195
CTCCGG	0	0	168	161
CTCCGT	0	0	214	209
CTCGCC	0	0	179	177
CTCGGC	0	0	178	172
CTCGGG	0	0	120	119
CTCGGT	0	0	181	175
CTGAAT	0	0	670	634
CTGACC	0	0	215	209
CTGACT	0	0	352	343
CTGAGG	0	0	257	250
CTGATC	0	0	341	331
CTGATG	0	0	430	413
CTGCAT	0	0	584	535
CTGCCA	0	0	437	420
CTGCCC	0	0	255	252
CTGCGC	0	0	259	250
CTGGCA	0	0	346	334
CTGGCC	0	0	260	252
CTGGCT	0	0	344	334
CTGGGC	0	0	213	211
CTGGGG	0	0	180	176
CTGGTC	0	0	252	243
CTGGTT	0	0	499	474
CTGTCT	0	0	430	412
CTGTTG	0	0	629	585
CTTAAT	0	0	859	790
CTTAGA	0	0	476	455
CTTAGG	0	0	254	244
CTTCCC	0	0	557	518
CTTCGC	0	0	364	348
CTTGCG	0	0	341	332
CTTTAG	0	0	633	590
CTTTGG	0	0	642	603
GAAACT	0	0	953	864
GAACCG	0	0	255	248
GAAGAT	0	0	1079	963
GAAGTA	0	0	863	791
GAATCT	0	0	591	556
GACACC	0	0	291	284
GACACG	0	0	186	179
GACACT	0	0	423	404
GACAGC	0	0	363	350
GACATG	0	0	328	309
GACCAA	0	0	451	428
GACCCA	0	0	249	237
GACCCC	0	0	128	124
GACCCG	0	0	115	114
GACCGA	0	0	176	173
GACCGC	0	0	134	129
GACCTG	0	0	235	230
GACGAA	0	0	512	472
GACGAC	0	0	267	246
GACGAT	0	0	393	379
GACGCT	0	0	241	232
GACGGC	0	0	179	177
GACGGT	0	0	243	238
GACGTG	0	0	223	219
GACTAT	0	0	444	428
GACTCC	0	0	195	193
GACTCG	0	0	152	150
GACTTG	0	0	372	360
GAGACG	0	0	263	257
GAGAGG	0	0	416	397
GAGATC	0	0	350	337
GAGCCG	0	0	142	141
GAGCGC	0	0	155	151
GAGCGG	0	0	205	202
GAGCGT	0	0	223	216
GAGCTG	0	0	305	296
GAGGAA	0	0	902	810
GAGGAC	0	0	290	284
GAGGAG	0	0	407	374
GAGGCA	0	0	430	411
GAGGCC	0	0	226	217
GAGGCG	0	0	209	201
GAGGGG	0	0	214	203
GAGGGT	0	0	270	262
GATACT	0	0	557	520
GATCAG	0	0	367	346
GATCCC	0	0	176	170
GATCCG	0	0	220	214
GATCCT	0	0	339	330
GATCGT	0	0	289	276
GATCTA	0	0	426	406
GATCTT	0	0	733	675
GATGGC	0	0	342	327
GATGTC	0	0	316	310
GATTAA	0	0	809	726
GATTAG	0	0	467	449
GATTCC	0	0	373	356
GATTCG	0	0	270	263
GCAACG	0	0	350	331
GCAATC	0	0	444	428
GCACAA	0	0	563	525
GCACAG	0	0	376	357
GCACCG	0	0	182	177
GCACGA	0	0	252	252
GCACTG	0	0	348	336
GCAGAA	0	0	808	729
GCAGAG	0	0	400	379
GCAGCA	0	0	617	534
GCAGGC	0	0	263	253
GCAGGT	0	0	292	288
GCAGTG	0	0	345	323
GCATAC	0	0	469	446
GCATCG	0	0	347	329
GCATGA	0	0	383	364
GCATGC	0	0	273	267
GCATTT	0	0	1119	996
GCCAAA	0	0	742	683
GCCCAC	0	0	190	186
GCCCAG	0	0	211	208
GCCCCC	0	0	120	119
GCCCCG	0	0	101	100
GCCCCT	0	0	213	199
GCCCGT	0	0	165	164
GCCCTA	0	0	214	201
GCCCTT	0	0	450	431
GCCGAA	0	0	295	283
GCCGAC	0	0	140	139
GCCGAT	0	0	228	224
GCCGCA	0	0	234	225
GCCGCC	0	0	251	246
GCCGCT	0	0	267	251
GCCGGA	0	0	174	171
GCCGGC	0	0	144	142
GCCTAG	0	0	192	191
GCCTAT	0	0	340	329
GCCTCC	0	0	228	212
GCCTGA	0	0	266	254
GCCTGG	0	0	201	196
GCGAAG	0	0	344	329
GCGACC	0	0	122	119
GCGAGC	0	0	159	154
GCGAGG	0	0	179	175
GCGATC	0	0	184	181
GCGATG	0	0	479	445
GCGCAA	0	0	339	329
GCGCAG	0	0	242	235
GCGCCC	0	0	150	148
GCGCCG	0	0	164	159
GCGCTC	0	0	152	148
GCGGAT	0	0	224	216
GCGGCA	0	0	263	252
GCGGCC	0	0	178	175
GCGGCT	0	0	297	280
GCGGGG	0	0	136	130
GCGGTA	0	0	265	257
GCGTAG	0	0	208	206
GCGTCG	0	0	153	149
GCGTGC	0	0	186	179
GCGTGG	0	0	172	170
GCGTTA	0	0	322	314
GCGTTC	0	0	260	250
GCGTTG	0	0	297	282
GCGTTT	0	0	613	577
GCTAAC	0	0	302	291
GCTAAG	0	0	374	349
GCTCCA	0	0	308	293
GCTCCG	0	0	131	126
GCTCTG	0	0	332	321
GCTGAA	0	0	625	580
GCTGAG	0	0	283	278
GCTGAT	0	0	464	445
GCTGCC	0	0	319	307
GCTGTA	0	0	399	381
GCTTTG	0	0	649	619
GGAACC	0	0	309	302
GGAACG	0	0	276	265
GGAATC	0	0	386	367
GGAATG	0	0	392	371
GGACCA	0	0	258	251
GGACCC	0	0	208	205
GGACCT	0	0	226	222
GGACGA	0	0	264	256
GGACGC	0	0	158	154
GGACGT	0	0	213	210
GGACTG	0	0	228	223
GGAGAC	0	0	258	249
GGAGCA	0	0	365	351
GGAGCC	0	0	183	179
GGAGCG	0	0	157	156
GGAGGA	0	0	442	398
GGAGGC	0	0	233	225
GGAGGG	0	0	250	240
GGAGGT	0	0	263	255
GGAGTA	0	0	341	331
GGATAC	0	0	352	338
GGATCA	0	0	351	337
GGATCC	0	0	215	210
GGATCT	0	0	355	343
GGATGT	0	0	319	304
GGATTC	0	0	365	356
GGCACT	0	0	326	312
GGCAGA	0	0	423	405
GGCAGG	0	0	226	209
GGCATA	0	0	462	441
GGCATG	0	0	240	235
GGCCAT	0	0	343	330
GGCCCC	0	0	128	127
GGCCCT	0	0	239	236
GGCCGC	0	0	154	147
GGCCTA	0	0	210	207
GGCCTC	0	0	224	215
GGCCTG	0	0	223	218
GGCGAA	0	0	322	310
GGCGAC	0	0	165	163
GGCGAG	0	0	178	173
GGCGCA	0	0	222	214
GGCGCT	0	0	228	225
GGCGGA	0	0	214	213
GGCGGC	0	0	249	235
GGCGGT	0	0	229	220
GGCGTA	0	0	233	227
GGCGTT	0	0	335	325
GGCTAA	0	0	375	355
GGCTAC	0	0	235	225
GGCTCG	0	0	172	165
GGCTGA	0	0	319	306
GGCTGG	0	0	232	225
GGGAAT	0	0	392	382
GGGACC	0	0	146	144
GGGACG	0	0	146	142
GGGAGC	0	0	191	188
GGGAGG	0	0	245	234
GGGATT	0	0	360	348
GGGCAC	0	0	198	193
GGGCGA	0	0	169	166
GGGCGC	0	0	150	147
GGGCGT	0	0	176	173
GGGCTA	0	0	219	215
GGGCTG	0	0	187	185
GGGGAG	0	0	219	213
GGGGCA	0	0	230	225
GGGGCG	0	0	151	147
GGGGCT	0	0	157	154
GGGGGC	0	0	127	124
GGGGGT	0	0	117	115
GGGGTC	0	0	132	131
GGGGTT	0	0	231	226
GGGTAT	0	0	325	315
GGGTTG	0	0	278	271
GGTAGG	0	0	207	201
GGTCAG	0	0	194	190
GGTCCA	0	0	245	239
GGTCCT	0	0	240	236
GGTCGA	0	0	158	157
GGTCTA	0	0	238	236
GGTGAG	0	0	289	275
GGTGCG	0	0	181	176
GGTGCT	0	0	337	325
GGTGTA	0	0	376	362
GGTGTT	0	0	512	491
GGTTCC	0	0	279	270
GGTTGC	0	0	327	309
GTAATC	0	0	521	502
GTAATG	0	0	637	600
GTACCC	0	0	234	228
GTACTC	0	0	352	340
GTAGAC	0	0	286	280
GTAGCT	0	0	411	390
GTAGGA	0	0	352	338
GTAGGG	0	0	199	190
GTATAG	0	0	523	502
GTATCT	0	0	600	565
GTCAGC	0	0	263	259
GTCCAC	0	0	232	230
GTCCAT	0	0	397	390
GTCCCA	0	0	226	218
GTCCCC	0	0	129	127
GTCCGG	0	0	113	110
GTCCTC	0	0	297	283
GTCGAC	0	0	139	133
GTCGGC	0	0	129	129
GTCGGT	0	0	159	154
GTCTAG	0	0	215	205
GTCTCA	0	0	366	348
GTCTGA	0	0	286	279
GTCTTG	0	0	483	463
GTGACG	0	0	257	253
GTGAGA	0	0	427	403
GTGAGG	0	0	266	257
GTGCCC	0	0	191	187
GTGCCT	0	0	291	281
GTGCGG	0	0	204	198
GTGCTA	0	0	376	360
GTGCTT	0	0	563	536
GTGGAG	0	0	291	272
GTGGTC	0	0	217	208
GTGTCC	0	0	217	213
GTGTTC	0	0	421	400
GTTAGC	0	0	370	352
GTTAGG	0	0	266	261
GTTCCC	0	0	276	265
GTTCGC	0	0	204	203
GTTCGG	0	0	196	191
GTTGAC	0	0	386	363
GTTGAG	0	0	420	397
GTTGCA	0	0	597	551
GTTGCC	0	0	371	362
TAAGAC	0	0	478	454
TAAGGA	0	0	769	701
TACACG	0	0	296	285
TACATC	0	0	646	601
TACCAG	0	0	432	412
TACCCA	0	0	417	398
TACCCG	0	0	400	385
TACCGA	0	0	327	315
TACCGT	0	0	417	398
TACCTC	0	0	395	379
TACGAG	0	0	299	288
TACGCA	0	0	435	409
TACGCG	0	0	178	175
TACTGG	0	0	429	404
TAGATC	0	0	433	413
TAGCCT	0	0	381	361
TAGCGT	0	0	368	357
TAGGAG	0	0	307	297
TAGGCA	0	0	410	389
TAGGCG	0	0	203	196
TAGGGA	0	0	319	310
TAGGGC	0	0	213	202
TAGGGG	0	0	215	210
TAGTGT	0	0	573	544
TATAGG	0	0	505	477
TATCGC	0	0	385	370
TATGGG	0	0	349	337
TATTCG	0	0	571	550
TCAACG	0	0	439	419
TCAAGC	0	0	534	509
TCACGC	0	0	216	214
TCAGCC	0	0	312	301
TCAGGC	0	0	265	255
TCAGGG	0	0	287	269
TCAGTC	0	0	312	301
TCATGC	0	0	367	358
TCCACG	0	0	301	285
TCCAGC	0	0	343	327
TCCCAC	0	0	316	296
TCCCAG	0	0	295	285
TCCCAT	0	0	448	431
TCCCCC	0	0	220	215
TCCCGC	0	0	202	199
TCCGAA	0	0	389	376
TCCGAC	0	0	144	141
TCCGAG	0	0	189	186
TCCGCG	0	0	186	175
TCCGGA	0	0	216	211
TCCGGC	0	0	177	175
TCCGGG	0	0	200	199
TCCGGT	0	0	213	208
TCCGTA	0	0	369	356
TCCTAA	0	0	550	516
TCCTTA	0	0	686	649
TCGAAG	0	0	583	552
TCGACG	0	0	199	193
TCGACT	0	0	280	271
TCGATT	0	0	573	535
TCGCAT	0	0	441	420
TCGCCA	0	0	326	318
TCGCCG	0	0	186	184
TCGCCT	0	0	278	268
TCGCGG	0	0	159	157
TCGCGT	0	0	249	237
TCGGAG	0	0	207	202
TCGGCA	0	0	251	245
TCGGCC	0	0	183	177
TCGGCT	0	0	239	236
TCGGGG	0	0	109	107
TCGGTC	0	0	189	183
TCGGTG	0	0	228	221
TCGTAG	0	0	310	303
TCGTAT	0	0	552	516
TCGTGA	0	0	314	300
TCTCAG	0	0	449	429
TCTCCG	0	0	277	276
TCTCGG	0	0	221	213
TCTGGC	0	0	355	346
TCTTAG	0	0	537	508
TGACCC	0	0	213	210
TGACCG	0	0	208	205
TGAGAG	0	0	479	452
TGAGCG	0	0	225	216
TGAGGA	0	0	479	458
TGAGGC	0	0	318	310
TGATCC	0	0	332	319
TGCATG	0	0	453	428
TGCCCA	0	0	338	327
TGCCCT	0	0	389	366
TGCCGA	0	0	269	264
TGCCGC	0	0	241	224
TGCCGG	0	0	186	186
TGCGAG	0	0	202	200
TGCGCA	0	0	268	259
TGCGCT	0	0	326	317
TGCGGG	0	0	179	178
TGCGTT	0	0	406	385
TGCTAA	0	0	660	616
TGGACC	0	0	255	244
TGGAGG	0	0	340	320
TGGAGT	0	0	357	345
TGGATC	0	0	326	314
TGGCCC	0	0	228	222
TGGCCT	0	0	356	337
TGGCGG	0	0	245	235
TGGGAC	0	0	239	231
TGGGCA	0	0	353	341
TGGTAA	0	0	769	708
TGGTCA	0	0	440	423
TGGTCC	0	0	227	219
TGGTCT	0	0	407	388
TGTACG	0	0	391	366
TGTCAG	0	0	372	354
TGTCCC	0	0	268	259
TGTCGG	0	0	169	167
TGTGAC	0	0	393	372
TTAACG	0	0	564	536
TTACGC	0	0	345	335
TTAGCC	0	0	387	368
TTAGCG	0	0	395	389
TTAGGG	0	0	306	287
TTATGG	0	0	523	499
TTCAGA	0	0	817	759
TTCAGC	0	0	631	605
TTCCCG	0	0	303	294
TTCCCT	0	0	901	806
TTCCGA	0	0	391	377
TTCCGG	0	0	304	295
TTCCTA	0	0	755	690
TTCGAC	0	0	375	364
TTCGCA	0	0	468	449
TTCGCC	0	0	339	333
TTCGCG	0	0	318	307
TTCGGG	0	0	259	252
TTCGGT	0	0	380	362
TTGACC	0	0	431	405
TTGAGC	0	0	520	492
TTGATG	0	0	913	837
TTGCCG	0	0	359	346
TTGGAG	0	0	481	452
TTGGGA	0	0	474	459
TTGGTA	0	0	832	767
TTGGTC	0	0	472	450
